Review_ID,Sentiment
241096,1
397912,0
323390,0
365977,1
321051,1
231055,1
260796,1
283486,1
40593,1
110897,1
47602,1
69042,0
59893,1
398754,0
196773,1
87923,1
82273,1
300683,0
338993,1
351437,1
63696,1
119628,0
33033,0
20267,0
259032,0
133702,0
57398,0
401363,0
282733,0
336792,1
69623,1
35404,1
354927,0
214539,0
151045,1
252221,0
302516,1
111756,1
148710,0
19406,0
211595,1
398181,0
160327,1
328736,1
220889,0
76927,1
201629,0
357475,1
253669,1
31948,1
100675,1
102132,1
356604,0
99824,0
254142,1
303098,1
345928,1
61624,0
142393,1
352152,1
176271,1
303582,1
36090,0
44785,1
42465,0
343641,0
146512,0
295913,1
205879,0
161847,1
184553,1
358713,0
5493,1
406911,0
59167,1
194872,0
133786,0
133119,1
223044,0
71729,1
21805,0
323750,0
35714,0
83850,0
409605,0
117768,1
158758,0
84118,1
75615,0
35978,0
328923,1
297318,1
230898,1
347639,1
198105,1
276841,1
80579,1
50823,1
137440,0
290000,0
397916,0
344686,1
58368,1
342438,0
118542,1
289408,1
123327,1
133219,1
288618,0
179903,0
95151,1
282507,1
100697,1
185973,1
343313,1
226033,1
196286,0
312336,1
109808,1
230620,1
136497,1
239290,1
130817,0
287294,0
62822,0
240537,1
62368,0
313544,1
354418,0
298781,0
120758,1
379114,1
227748,0
27664,0
237058,1
38121,1
100174,1
83600,1
379246,0
169251,1
136755,1
284589,1
41805,1
25930,1
145654,0
245780,1
233975,1
391576,0
22339,0
382617,1
229611,1
35562,0
18444,1
347432,1
348963,0
287788,1
146240,0
43768,1
84569,0
297052,1
134451,1
130690,1
57700,1
362628,1
347197,1
201051,0
193418,1
400351,1
363138,1
240746,0
137889,1
221505,0
255837,0
344483,1
359836,1
24403,0
398094,1
118938,1
267099,0
360431,0
237718,1
340026,0
37387,0
65640,1
223031,0
366302,0
324379,0
83808,1
108342,0
231902,0
67646,1
111116,1
348363,1
177320,1
65204,1
397513,0
319461,0
78922,1
142719,1
219946,1
259347,1
122420,0
263976,0
239761,1
132728,0
354347,1
44804,0
363511,1
346605,1
170909,0
231910,0
332295,0
224461,1
283269,0
130706,0
16255,0
93222,1
364526,1
30489,1
83689,0
250723,0
59276,1
26583,1
54932,1
20607,0
75409,1
114160,0
405875,0
178549,1
231812,0
206578,1
68777,0
6789,1
274881,1
179391,1
270201,0
284883,1
359729,1
107720,1
39903,0
285614,1
89623,0
101600,0
398206,1
267481,0
323885,0
41213,0
20240,0
14455,0
125390,1
22309,1
286559,0
172913,1
136032,1
371723,0
36271,0
118363,1
340046,1
408568,1
405432,1
204146,0
228596,0
39483,0
121821,1
302257,1
200857,1
128236,1
173780,1
233576,1
36522,0
164149,1
77667,1
151402,1
358681,1
35215,1
17971,0
192630,1
286776,1
230486,0
160062,0
44297,0
318907,0
109714,1
174415,1
145946,0
383635,1
75927,0
193612,1
163511,1
302016,0
335395,1
167159,1
64719,1
391945,1
167473,1
235526,0
258547,0
169172,1
387789,0
153843,0
330329,0
189924,1
183744,0
313880,0
7697,1
122492,0
265943,0
261931,0
10130,1
58787,1
32138,1
2255,1
319079,0
3110,0
325095,0
366626,0
23,1
51411,1
218277,0
338226,1
62231,0
121907,0
328951,1
116992,1
32503,0
214826,1
145985,0
30674,0
406181,0
72602,1
48886,1
260298,0
239803,1
73542,0
301085,1
154025,1
32208,0
399520,0
14520,1
323918,0
375970,1
320948,1
271337,1
277280,1
137372,1
275299,1
247796,1
139489,0
311914,0
191900,0
51737,0
249552,1
134406,0
405165,1
52864,0
1379,1
132584,1
351368,0
165823,0
229082,0
379046,1
317074,1
226320,0
379451,1
321046,1
243509,0
77279,1
407350,0
348984,1
130379,0
51045,1
402001,1
180139,1
231984,1
343909,0
240474,0
140023,0
16061,1
7411,1
388105,1
357368,0
394574,0
377056,0
215016,1
153483,1
367683,0
209523,0
319378,0
64830,0
318626,1
143406,1
130168,0
21487,1
157876,0
224587,1
171691,1
229149,1
20307,1
283948,0
170832,1
276150,0
392315,1
139359,0
368312,0
159978,0
45481,0
168661,1
211458,1
295762,1
307693,1
162723,1
19489,0
48312,1
223764,0
297945,1
184075,1
73517,1
119959,1
364459,0
332337,0
66976,1
75832,1
196489,1
34603,1
77124,0
254425,0
271313,0
122563,0
151638,1
167773,0
327517,1
320166,0
377295,1
28047,0
60607,1
88820,0
391468,1
1605,1
239530,1
186240,0
39627,1
162660,1
267613,0
84831,1
224349,0
183912,0
125638,0
80929,1
264712,1
296081,1
130398,0
236808,0
70176,0
92417,1
1047,1
407099,1
34405,0
310421,0
216698,1
266727,0
76539,1
189838,1
261510,1
70543,0
112175,0
26358,1
252144,0
62345,0
149972,0
183012,0
102517,1
122254,0
261267,0
384641,1
5922,0
95817,0
34280,1
15242,1
73521,0
64476,0
362026,1
269159,0
306900,1
149525,1
129713,0
56770,1
6788,1
268838,1
51401,1
57405,1
122293,0
407774,0
369065,1
136155,0
179716,0
290824,0
18016,0
141848,0
64341,1
150618,1
90898,0
128827,0
355519,1
125436,0
134798,1
123733,1
220758,1
2743,0
49373,1
8731,1
279154,1
380248,1
225017,1
362666,0
17883,0
200820,1
344797,0
383688,1
15438,1
338577,1
131971,1
275026,1
329269,1
385597,1
41723,1
111653,0
333003,0
375113,0
156931,1
405714,1
319413,1
124548,0
8536,1
391687,0
375927,1
210575,1
69102,1
249464,1
303552,0
233386,1
154907,0
113118,1
333278,1
117029,0
141475,0
146632,1
84775,0
353973,0
344888,0
400164,1
170879,1
325535,1
35637,1
37441,0
303978,0
249899,1
269440,1
20554,1
174063,1
288316,0
88807,0
94512,0
403655,1
137929,1
148191,0
273250,1
268542,1
327875,1
66480,0
239343,0
157698,1
147324,1
304921,0
394255,0
401584,1
118534,1
233318,0
97786,1
64911,0
140931,1
121202,0
393685,1
47469,1
225992,0
62888,0
26813,0
291605,0
302322,0
78,0
254621,0
193027,1
399581,0
287114,1
98881,0
63672,0
38979,1
320061,0
148602,1
390082,0
107803,0
286061,0
151262,0
315566,1
399075,0
146319,1
38316,0
274028,1
65316,1
145750,1
140440,1
330197,1
373178,1
80508,1
389444,1
111150,1
219835,1
157857,1
9474,1
287358,1
86597,1
238100,1
163861,1
309210,0
391903,0
386316,1
105193,0
273712,1
333602,0
204139,0
405803,0
230655,0
276410,1
383155,0
105843,1
260847,1
211927,0
102879,0
52,1
110736,1
367047,0
389058,1
56579,1
47837,1
94890,0
261269,0
335917,1
295912,1
327887,1
227519,0
324639,0
411549,0
170301,1
352687,1
77972,0
395691,0
153853,0
347052,0
389144,1
89900,1
293113,1
196195,1
143636,1
399834,0
198262,0
40029,1
380784,0
31903,0
28608,0
134095,1
919,1
66156,0
70112,0
177793,1
196094,0
20220,1
387448,1
212814,1
225675,1
197498,1
373852,1
18562,0
279830,0
232913,1
46794,1
144062,0
383157,1
13121,0
188665,1
106868,1
394761,0
340225,1
291551,1
167894,1
30423,0
314407,1
314342,1
169218,0
3666,1
83219,1
36919,0
350001,0
295969,1
226604,1
160334,1
272091,0
293632,0
313911,1
181787,0
217960,0
9309,0
77380,0
313751,0
286018,0
88372,0
13014,1
129825,0
272795,1
211689,0
50671,1
332045,1
98661,1
224098,0
341827,0
116323,1
84932,1
110530,1
347391,1
145988,1
123036,1
214431,0
331048,1
42887,0
199838,0
87868,0
374822,1
241472,1
197721,1
132274,1
58409,1
144957,1
380210,1
172270,1
338066,1
343154,0
250581,1
18139,1
8627,0
247058,1
218843,0
4365,1
256144,1
39964,1
211181,1
291499,1
408857,1
310212,0
124884,1
106975,0
335604,0
313076,1
312820,1
175379,1
30966,1
264032,1
394078,0
380004,0
100689,1
157763,0
141973,0
51944,1
275905,1
168306,0
117168,0
206311,1
281784,0
136343,0
125359,1
214608,1
72041,0
310194,1
125639,1
179363,1
84713,0
180649,0
294832,1
323942,0
407873,1
256532,0
277368,1
203087,1
269299,0
388670,0
64571,1
227290,1
96369,1
270500,0
120097,1
324038,1
81823,1
126711,0
323717,0
283549,1
66008,1
220850,0
332125,0
93871,0
366404,0
125266,0
328080,1
249595,0
184922,0
34859,1
350557,0
332915,0
372613,0
260446,0
278852,0
315613,0
388664,1
125183,1
220844,0
56414,1
24,1
398385,1
221512,0
78257,1
75917,1
316056,1
239534,1
197122,1
270475,1
13190,0
138203,1
366541,0
270937,0
327935,0
323632,0
88231,1
283031,1
365852,1
175128,0
386997,1
301987,1
232772,0
321897,1
194042,0
137792,0
131146,0
52286,1
105917,0
332453,0
103120,0
341386,0
51498,1
83865,0
66105,1
157098,0
323080,1
198460,1
399962,0
268621,0
290671,1
275494,0
301782,0
19344,0
4017,0
212516,1
52688,0
35315,0
231690,0
65951,1
369676,1
234810,1
35143,0
49494,0
116591,1
175978,1
270922,1
240411,0
154950,1
263426,1
70514,0
307970,0
410611,0
259860,1
148992,1
382621,1
181115,0
63493,1
262599,0
374737,0
376008,1
364211,0
114959,1
265311,1
74431,1
258340,0
280017,0
398213,1
14762,1
369580,1
393088,0
348793,1
89616,1
238235,1
365983,1
164935,0
80440,0
3095,0
409324,0
35011,0
163713,1
223499,0
379459,1
22125,0
220611,0
18711,1
88522,0
227311,1
254407,0
78043,0
166284,0
262097,1
280896,1
37965,0
242384,0
145014,1
252789,1
291879,1
286196,0
372717,1
28226,1
167665,1
265000,1
73020,1
344398,0
2063,0
161131,1
49608,0
88705,0
279193,1
357247,1
91318,1
353692,1
287672,0
380023,1
55157,0
64194,0
107076,0
191990,1
113781,0
117712,0
225302,0
362478,0
57291,0
156316,1
85588,0
157019,0
36430,1
137283,1
18830,0
389114,1
130456,0
72680,1
39184,1
46509,1
137617,0
365300,1
373255,1
12735,0
156846,0
145696,0
89968,0
245371,1
214832,0
369901,1
332313,1
76642,1
292573,0
167546,1
321044,1
318371,0
257720,0
241443,0
263218,1
172052,1
152338,0
197113,1
289621,0
128364,1
260184,1
4466,1
237877,1
291082,1
138046,0
76476,0
174032,0
49471,0
211647,0
83451,0
115503,0
169745,0
102632,1
309139,0
120214,0
34234,0
128818,0
318995,0
59275,1
74098,0
319020,0
411353,0
302109,1
15535,0
230497,1
280518,1
263847,1
88696,1
164792,1
359473,1
341305,1
205115,1
17669,0
183257,0
211852,1
173359,1
262294,0
141172,1
64072,1
62433,1
317509,0
34634,1
340569,0
214465,0
96330,0
146536,1
235293,0
49564,0
212838,1
394240,0
398460,1
164957,0
391579,1
217132,1
248865,1
343474,1
379799,1
16396,0
176746,1
406744,0
163104,0
46519,1
47934,0
168734,1
327323,0
69131,0
346460,1
225199,0
268149,0
102767,1
276448,1
354629,0
182026,0
408404,0
319011,0
172569,0
62682,0
95117,0
10493,1
154740,1
386322,1
287281,0
368851,0
258825,0
403937,0
339359,0
252196,0
12607,1
224679,1
89830,1
165005,0
167505,0
362521,0
133830,0
28784,1
309294,0
336639,0
384122,1
20078,0
363369,0
148288,0
364862,0
102317,1
304241,1
159796,1
105152,1
60308,1
367600,0
259220,0
204702,0
132006,1
251817,0
360145,1
68746,0
409405,1
355232,1
377171,0
400879,1
394370,0
354243,0
155307,0
227245,1
399535,0
313476,1
214383,1
362374,1
245827,1
297996,0
258923,1
372324,1
76217,0
268917,0
19501,0
199870,0
84611,0
344954,1
102849,1
411401,1
202677,0
104735,0
152469,1
253216,0
407278,1
215523,0
235518,0
225997,0
410544,0
244992,1
220907,0
348204,1
408496,1
11582,1
253613,0
158544,1
154271,0
344080,1
176216,1
127926,1
152796,1
268186,1
10414,0
341169,1
302529,0
283200,1
168750,1
261612,0
278013,1
223973,1
195249,1
111276,0
376860,0
347655,1
1197,0
27538,0
67426,0
290085,0
360578,1
363455,1
130369,0
225745,0
166366,0
56177,1
336285,1
353277,0
115757,1
203553,1
60931,1
219615,1
237254,1
3382,0
243845,0
372106,1
339952,0
60772,1
409263,1
66451,1
20114,0
52867,0
35431,0
307029,1
93012,0
408541,1
117242,1
211527,0
360792,0
372553,1
393223,0
136697,1
19896,0
285823,0
68627,0
370529,1
75386,1
122664,1
219850,1
170107,0
728,0
231488,1
168129,1
174605,1
358741,0
142588,0
406349,0
225878,0
82845,1
178555,0
113974,0
384560,0
112399,1
273161,1
237235,1
341863,0
241594,0
114856,0
342024,0
242365,0
342530,1
206121,0
113952,1
248935,0
30893,0
273012,0
272658,0
130746,0
316731,1
123563,0
293782,1
88735,0
332247,0
170051,1
117177,0
397726,0
233696,1
142325,1
183035,1
217729,1
35665,0
54767,1
167695,1
196285,0
73062,0
155176,0
269579,1
302861,0
270218,0
342162,1
107790,0
374750,1
135135,0
98415,1
363594,1
353055,1
377283,1
283234,0
384112,1
133667,1
169871,1
257453,0
137485,0
156996,0
262107,1
208909,1
331993,0
379036,1
134471,0
247941,1
117924,1
328360,1
222859,0
222561,0
159468,0
399213,0
328408,0
31773,1
32748,0
224790,1
407713,1
359737,1
355470,1
336413,0
173600,1
278534,1
348970,0
391532,1
52969,0
231491,1
368324,0
121587,1
283566,1
279178,1
233336,0
343389,0
130621,0
116476,0
313609,1
176960,1
62143,0
339588,0
164748,1
193798,1
72478,1
33605,0
386067,1
339681,1
237274,0
65254,1
234768,1
96243,1
304609,0
28974,0
349354,1
750,0
323373,0
56854,0
405946,0
153806,1
204766,1
24701,1
277565,1
84806,1
33881,1
220030,1
204573,0
380514,1
334429,1
4109,0
399492,0
19201,1
178443,1
216654,1
348551,1
113593,1
13800,1
268326,0
100526,1
213108,0
156468,0
326278,1
65192,1
326364,1
269968,1
255256,0
108724,1
154935,0
157504,1
19910,1
223013,1
227265,1
270241,0
397603,1
115143,0
166745,1
5569,1
390570,0
110480,1
369532,0
110940,1
381566,0
105142,1
116821,1
188740,1
372924,1
39983,1
211109,1
156161,1
284820,1
153310,1
344644,0
140289,1
73242,0
248977,0
213657,0
211741,0
6830,1
70439,1
271952,1
170354,1
35797,0
155174,0
323823,0
24020,1
73630,1
205540,1
19303,1
43616,0
65601,1
94017,0
366555,1
15592,0
256274,1
380597,0
242415,0
228283,0
69809,1
193302,1
238733,0
364911,1
196069,1
225223,0
378637,1
177107,1
153220,0
304660,0
294899,0
227191,1
243828,1
329400,1
369127,1
277075,0
137565,0
231937,1
405110,1
174508,1
165944,1
88483,0
217952,0
133999,1
116602,1
112190,1
158393,1
326542,0
171187,1
131725,0
68152,1
87658,1
257250,0
325433,1
149499,0
106387,1
290449,1
403543,0
243921,1
10767,1
180946,1
317178,1
171064,1
407562,0
225487,0
210370,0
138926,1
204873,1
284839,1
372706,1
58279,1
46936,1
222573,1
405286,1
95309,0
108351,1
358890,1
352831,0
19431,0
83338,0
359414,1
93811,0
37172,1
285783,1
368432,1
317320,1
322404,1
316440,0
396566,0
35009,0
311406,0
404821,1
14150,0
266283,1
137058,0
278503,1
115446,1
65851,1
12825,0
299672,1
345057,1
115674,1
86150,1
70919,0
271450,1
79356,1
385927,1
141571,1
169835,1
250155,0
307943,0
286218,0
368117,1
319316,0
213274,1
352424,1
335713,1
85951,0
274777,1
140944,1
200397,1
137828,1
246019,0
130142,0
219115,0
342264,1
382082,1
194062,1
27591,0
280533,0
125442,1
409901,1
210086,1
408413,1
18552,0
83663,1
2094,0
75540,1
232547,1
172666,1
117413,1
236682,0
18396,1
235615,0
400389,1
390556,0
64378,0
259248,1
408729,0
108021,1
266878,1
41317,1
196573,0
16454,1
44502,0
139404,0
204388,1
288181,0
76296,1
164479,0
289909,0
235984,0
188153,0
195064,1
338759,1
11576,1
4749,1
290899,1
78086,0
319107,0
287588,0
3852,1
264415,1
209969,0
20194,1
152892,1
267318,0
388207,1
99930,1
338751,1
17199,1
367753,0
226264,0
57187,1
53289,1
119317,1
83246,0
101923,0
154910,0
80849,1
276879,0
93108,1
63162,0
358800,1
231542,1
355236,0
155175,0
112100,1
73987,1
344729,0
311506,0
92516,0
92932,1
367691,0
409292,0
145787,1
231255,1
267825,1
21075,1
237516,1
75613,1
279124,1
264791,1
301436,0
71580,1
36413,0
367653,1
101707,0
353147,1
27095,0
136842,0
340832,1
203273,1
216545,1
245732,1
157817,1
316802,1
18005,0
255651,0
369930,1
10403,0
258149,0
138200,1
279571,1
167456,0
109732,0
136715,1
241383,0
147337,1
347373,1
266029,1
27927,0
321766,1
392320,1
256850,1
109929,1
333822,1
247015,1
66083,0
239974,0
29784,1
198739,1
159261,0
346239,1
190194,1
43492,0
120689,0
199861,0
93585,1
341308,0
386155,0
55628,1
49958,1
305109,0
214672,0
243281,1
87162,0
202810,1
310191,0
333881,1
97557,0
320979,0
178372,1
248831,1
329612,1
216157,0
364217,0
271048,0
98972,1
203772,1
223102,0
43630,0
43053,1
224023,1
392125,1
410195,0
11333,1
254920,0
188536,1
341869,0
65077,1
130103,0
39711,1
94426,1
185571,1
190041,0
215290,0
138991,1
244636,0
26998,1
393835,1
130531,0
377583,1
40378,1
301141,1
173586,0
355864,1
280192,0
327680,1
193087,0
294778,1
388825,0
332751,0
160352,1
1265,1
145743,0
141267,1
297523,1
93157,0
48121,1
164912,1
389611,0
42317,0
6945,0
121097,0
159917,1
84769,0
287313,0
219045,1
28152,1
305459,1
158888,0
149207,0
330170,1
51264,1
157598,0
51564,0
315739,0
63920,1
243548,0
128243,1
135870,0
337563,1
336606,0
276518,0
75610,1
111544,0
274479,1
298324,1
22217,1
337770,0
179587,1
207090,1
156754,1
23884,1
377791,1
309616,1
10214,0
363858,1
315453,1
141934,0
167416,0
201090,0
339741,0
118855,0
100326,1
257456,0
73274,1
386719,1
285509,1
316008,0
396724,0
298794,0
123624,1
101880,0
398247,1
246179,0
16779,0
284432,0
381226,0
154158,1
235228,1
5621,1
304070,0
217167,1
46530,1
316796,1
242276,1
206109,1
206180,1
76169,0
138560,0
381370,1
201787,0
239407,0
388151,0
1487,0
404428,1
54883,0
9129,0
121491,1
250590,0
35331,0
72010,0
343373,1
84385,1
121745,0
253596,0
132797,0
98112,1
402009,1
284202,0
130704,0
58776,1
70422,0
318938,0
216701,1
268426,0
118085,0
284701,0
359763,1
287438,0
29244,1
136718,1
158766,0
282423,0
279949,1
177042,0
384583,0
103336,0
42974,1
152273,0
27133,0
75824,1
15081,1
318703,0
298249,0
166846,1
317993,0
108067,1
294661,1
155365,1
366560,0
296320,0
153947,0
174069,0
208057,1
289883,0
305500,1
44132,0
411578,0
216331,1
79924,0
314730,1
47250,1
340566,1
112691,0
333778,1
33285,0
409635,0
300434,1
67647,1
308849,0
38731,1
270756,1
10069,1
256687,1
334133,0
292466,1
318871,0
346290,1
266488,1
366886,0
231297,1
176867,1
5614,0
364904,1
83813,0
389063,0
292790,0
202961,1
323475,1
356935,1
341791,0
129655,1
295101,0
340157,0
54984,1
34809,1
272103,1
304667,1
184033,0
207511,0
9955,1
135015,1
35783,1
236625,0
349547,0
276971,1
272187,1
270209,0
236807,1
276818,0
168027,1
164799,0
203688,0
192462,0
123249,1
178810,0
29866,1
343833,1
267571,0
378707,1
73121,0
365399,0
80891,1
304023,0
108324,1
105780,1
199352,1
173186,0
292398,1
331265,1
411730,1
339785,0
107786,1
129928,0
18694,1
340317,1
12373,0
400088,0
147767,1
340453,0
24271,1
98436,1
259766,0
99213,0
54733,1
360084,1
143071,0
86163,1
242106,0
349630,0
281897,1
188882,1
120797,0
406113,0
368211,0
378920,0
293242,0
368843,1
1246,1
358381,1
411133,1
255453,1
327035,0
126084,1
220993,0
240434,0
263974,0
285622,0
31475,0
287727,0
144904,0
70461,0
1159,1
275184,0
21375,1
189808,1
292319,1
19713,0
166975,1
161776,0
393616,0
387255,0
232977,0
103899,0
172604,1
275088,1
130338,0
114816,0
168403,0
156306,1
295035,0
157997,0
201533,0
251879,1
288844,0
40623,1
15308,1
133848,0
76542,0
7084,0
65896,0
235896,1
106518,1
130537,0
214322,0
256950,0
337195,1
149980,1
54610,0
68743,1
356386,1
71297,1
180334,0
82952,0
99266,0
217090,1
236777,0
100611,1
253391,1
124815,0
174245,0
165074,0
4023,0
354339,1
76026,1
66612,1
249275,0
359302,1
6499,1
43975,0
330916,1
341910,1
370089,0
359565,0
312731,1
97312,0
301925,0
149058,1
386991,0
284268,1
282465,1
177366,1
368092,0
365068,1
196733,1
130189,0
407490,1
242264,1
178324,1
16304,0
389812,0
189916,1
270826,0
258164,1
81212,1
51832,1
22155,0
221810,0
279788,0
195776,1
200108,1
322931,0
216897,1
271401,1
60114,1
366928,0
281382,1
407368,1
121103,0
98247,1
74532,1
91617,1
105026,1
54173,1
135188,0
235343,0
23462,1
85396,1
226387,0
238847,1
308027,1
254730,1
195754,1
374764,0
191506,0
157060,1
302036,1
58256,1
383900,0
98023,1
97041,1
218250,0
289000,1
334673,0
197774,1
320554,0
239836,1
87270,0
288201,1
206618,1
93507,1
167654,0
32984,0
294114,1
227496,0
295530,0
293985,1
168782,0
322613,0
315222,1
329884,1
301623,0
400095,0
128992,1
114095,0
271670,1
38308,0
5855,0
191640,1
372033,0
153128,0
280859,0
142550,0
290105,0
155530,0
61907,0
201495,0
32607,0
276619,1
355634,0
83804,1
116483,0
360877,0
337320,0
146970,0
231615,0
260355,1
405911,0
100438,1
384420,1
308710,1
131542,1
300725,0
375398,0
201626,0
7140,1
186247,0
284041,0
297060,1
12848,0
240513,0
70351,1
7073,0
376134,1
327746,1
107643,0
275309,0
322510,0
29925,0
76847,0
19465,1
134914,0
368328,1
387281,0
368423,0
43179,1
346937,1
235807,1
115429,0
268937,1
81245,0
362871,1
274876,1
43779,1
338910,0
88946,1
336294,1
218986,1
222968,1
376414,1
23987,0
372292,0
242386,0
272363,1
264963,1
266202,1
303243,0
255993,0
9829,1
365085,0
189021,1
350263,0
170257,0
28224,1
200220,1
209959,1
294639,0
406308,0
38164,1
209802,0
374653,1
266557,1
131993,1
211601,0
70937,1
168877,1
51629,1
231942,0
219590,0
16302,0
215644,0
18625,0
263907,0
200747,0
115600,1
23624,1
324643,0
216081,1
289877,0
88608,1
404646,1
97412,1
407608,1
81809,1
157652,1
392208,0
133247,1
104189,1
223658,0
378077,1
354044,1
300218,1
275684,1
139791,1
68142,0
348990,0
341389,0
53447,1
308896,0
405135,0
376805,0
25444,0
43341,0
283320,1
234455,1
326068,0
403464,0
404510,0
257679,1
153380,1
386166,1
268620,1
52439,1
266822,0
217800,0
249135,1
135244,0
205963,1
270794,0
167627,0
339727,1
145704,1
84704,0
87777,0
220703,1
83984,1
79810,1
211392,1
200685,1
14249,1
2024,1
35958,0
13322,1
307578,0
4064,0
96510,0
228271,1
70913,1
271531,0
326556,1
94215,0
115861,1
406697,0
279641,1
289805,0
219609,0
294102,1
375541,0
114035,0
379917,0
102645,1
410039,1
51430,1
27208,0
129819,0
289447,1
151901,1
276524,0
54472,1
370083,1
304190,0
169612,0
187045,1
257754,1
214010,0
323707,0
269205,0
154458,0
326159,0
366121,1
329647,1
511,1
338458,1
267968,0
273828,1
142941,1
113916,1
37377,0
225013,0
196931,0
171651,1
181073,1
215679,1
155106,1
143398,1
221080,0
318904,1
303810,1
229483,0
105771,1
224120,1
135495,0
110885,1
202056,0
193683,1
385131,1
301514,0
59313,1
397137,0
314555,1
307648,1
218309,1
297901,1
195410,1
53221,1
253772,1
77550,1
238801,1
221901,1
52793,0
66012,0
329463,1
214055,0
222429,0
323479,1
370641,1
67488,0
85867,1
408386,1
369056,1
279850,0
134085,1
58920,1
271749,0
321776,1
152303,0
258304,1
403318,0
248773,1
196255,0
20828,0
130153,0
22360,0
164267,0
165138,0
7532,0
76131,1
159166,0
91983,1
410864,1
405983,0
155076,0
235566,0
232325,0
36115,0
249349,0
305148,0
160432,1
229669,0
6923,0
391412,1
264883,1
98857,1
380463,0
335393,1
311619,1
157239,0
321421,1
250364,1
123198,0
240892,0
144905,1
17242,0
359216,1
193825,1
334285,0
289508,1
272910,1
91175,1
125172,1
200703,1
408067,0
411988,0
156855,0
403553,1
169637,0
49305,1
275845,0
322784,1
389427,0
372542,1
398548,1
358027,1
393413,0
189680,1
403366,0
167169,1
106449,1
132898,1
366710,1
345987,1
114783,0
259326,0
255736,1
348049,0
86392,1
322218,1
225554,1
267392,0
100973,1
183521,1
359409,1
3397,0
232457,1
320011,1
64033,0
26449,1
46021,0
410222,0
145723,1
230376,1
15043,1
208787,1
255935,0
73725,0
57860,1
159977,0
236317,1
157487,1
102414,0
202738,0
295403,0
110291,1
24926,1
12937,0
332524,1
169443,0
109665,1
386012,1
319698,0
201802,0
175242,0
252586,0
152750,1
409387,1
62818,0
387646,0
212484,1
168469,0
70819,1
287459,0
6429,0
272434,1
291613,1
146630,1
349720,1
201144,1
1647,1
15815,0
252858,1
202018,0
24276,1
301170,0
394749,0
51317,1
295785,1
379532,1
99115,0
331896,1
31709,0
404002,1
139277,0
319951,1
405700,1
202428,0
160162,1
50178,1
164801,0
34856,0
214373,0
76291,0
303461,1
318497,1
272151,1
12777,0
340113,0
195120,1
237533,0
130424,0
145152,1
365906,0
255539,0
106350,0
302443,0
145232,1
93849,0
27606,0
322384,0
370146,0
223657,0
20861,0
207555,0
326074,0
283950,0
221454,1
275303,0
167338,1
146471,1
315176,1
267314,0
94325,0
317100,1
384596,1
85987,1
147460,1
390056,1
122195,1
171526,1
164736,0
56023,1
61612,0
393033,1
20274,0
257940,0
145394,1
32978,0
380724,0
84334,0
182607,1
215385,0
14606,1
365878,1
391919,1
397099,0
11274,0
304325,0
362474,1
402781,0
51938,0
399605,0
171125,0
44607,0
336075,1
25453,0
181043,1
154968,0
344917,0
181175,1
20776,0
213464,1
41603,1
51189,0
112314,1
215866,1
400168,1
364291,0
367880,1
298119,0
296786,1
1113,0
383117,1
38149,0
158177,1
276631,0
217573,1
234034,0
134006,0
149196,0
168807,0
138092,0
17908,0
255279,0
248341,1
394336,1
67078,1
268139,0
84115,1
212945,1
61784,1
249984,1
287303,0
233335,0
390942,1
48695,1
124776,1
24877,0
50113,0
212105,1
217134,1
133457,1
117948,0
9533,1
57628,0
150920,1
282944,0
216910,1
130911,0
409046,0
33494,0
297011,1
11013,1
134161,0
357152,1
74853,1
258613,1
284424,0
320019,1
237242,1
120773,0
248607,1
120938,0
223494,0
133283,1
388290,1
263502,1
82032,0
54048,1
34310,0
366788,1
218789,1
54434,0
232723,1
202008,0
254688,0
166294,0
200996,1
366721,1
298975,1
325623,0
37417,0
117013,0
177295,1
262468,0
317666,1
368567,0
26303,1
360876,1
315760,1
303087,0
387497,1
7629,1
180301,1
108191,1
408590,0
129108,0
162061,1
331377,0
51501,0
381211,0
405866,0
156896,0
241212,0
300088,1
101800,0
263914,0
241985,0
141432,0
232942,1
174536,1
364675,1
410907,0
48770,1
197905,0
103020,1
318427,1
277080,1
282389,1
178432,0
5552,0
214011,1
48657,1
108453,1
311342,0
148601,0
34687,1
133135,1
286227,0
332534,0
331338,0
28632,0
207583,1
239627,1
153180,0
685,0
400658,1
149383,0
36731,1
131764,1
48357,1
18258,0
348451,1
46531,0
137308,1
103082,0
390744,1
63220,0
183675,0
189644,0
99698,1
78746,0
29098,1
118556,1
135567,0
50199,1
56948,0
342509,0
60522,1
397830,0
90861,0
400834,1
94033,1
33632,1
271892,0
262140,0
337887,0
252281,0
152809,1
259291,1
233651,1
103945,0
164695,1
342070,0
74340,1
285831,1
90221,1
3401,1
138131,1
85500,0
337726,0
32290,0
285473,1
389859,0
219008,1
178193,0
298099,0
35915,1
307771,0
134754,1
40816,0
80044,1
95329,0
69901,1
365043,0
319659,0
289818,0
66325,0
82328,1
48532,1
159598,0
95591,1
289124,0
222504,1
408827,1
104095,1
338387,1
162578,1
138677,0
41115,0
243963,1
170585,0
143050,1
88096,1
357011,0
15445,1
375676,0
400071,0
331874,1
264235,1
314233,0
349557,1
63899,0
236507,0
163725,0
28723,0
45648,0
255316,0
236004,1
90632,1
138413,1
32824,1
388944,1
329378,1
109119,0
3199,0
106344,1
309292,0
351024,0
41175,0
191153,1
45125,0
166685,1
178894,1
206848,1
403101,0
98580,1
8141,1
311792,1
10187,1
80307,1
72398,1
252821,1
40404,1
216782,0
289827,0
316555,0
47335,1
347335,1
349080,1
150734,1
57191,1
92226,0
74865,1
27689,1
73222,0
88265,1
405319,0
254355,1
229268,1
93288,0
107142,1
115456,1
87021,0
157682,1
343075,0
305797,0
23870,1
289413,0
37792,1
389069,1
198639,1
86132,1
346756,0
124849,1
213187,1
295767,1
237392,1
203645,1
321987,1
333082,1
231329,1
382480,1
86432,0
213293,1
109083,0
63093,1
183256,0
326794,1
394573,0
326933,0
129614,0
285206,1
182679,0
162655,1
391291,1
118649,1
63275,1
182971,1
238645,1
129002,0
183799,1
343184,1
109646,0
44948,1
172517,0
226631,0
52550,0
264034,1
267599,0
277890,1
257663,0
132770,1
40085,1
341639,0
256641,1
368098,0
370560,0
359298,1
277100,0
157144,1
363979,0
244828,1
94970,0
131090,1
72469,0
109500,1
409211,1
302860,1
324128,1
225292,0
385444,1
390957,0
176631,1
139921,1
277042,1
62493,0
94708,1
267342,0
114426,0
373273,1
238213,0
27643,0
10141,1
204408,1
399893,0
315079,1
258419,0
257634,1
60760,0
37995,1
170084,0
95805,1
244889,0
250461,1
34820,0
378644,1
373517,1
249303,0
126563,0
21931,1
225848,1
83596,0
313728,0
407772,0
156472,0
82320,1
167641,0
374317,1
159639,0
394884,0
40327,1
15258,1
70122,0
168355,0
249024,1
310175,1
175227,1
233477,0
219823,1
170102,1
61365,1
137888,0
177343,1
40953,1
269288,1
10468,0
156055,0
93378,1
141838,1
302914,0
219593,1
363101,1
291222,1
351749,0
366107,0
388404,1
333065,1
76530,0
65821,1
304842,0
400157,1
272575,1
390580,0
174036,0
267907,0
245216,0
22843,1
286416,0
110363,1
47142,1
48252,1
103542,1
303961,1
240358,0
347613,1
377528,1
291685,1
287369,1
74559,0
35816,0
258544,1
332494,1
105588,1
48708,1
331445,1
268481,0
260551,1
165703,0
181809,0
166287,1
330779,1
256999,1
66236,0
102958,1
218754,0
349722,0
308870,1
295412,1
181300,0
344750,0
346903,1
8022,1
239587,1
217764,1
265371,1
294290,1
64177,0
282638,1
214768,1
215431,0
136648,0
297090,1
206181,1
98981,1
148015,0
157240,0
79782,0
276158,1
194795,1
65024,0
400081,0
376890,0
136802,0
55712,1
68830,1
146041,0
407456,0
294892,0
326841,1
277741,0
102938,0
31371,0
35984,0
286648,1
229257,1
325905,1
320777,0
61176,1
308083,0
295081,0
118117,0
130133,0
127320,0
311392,0
40822,1
137809,0
177836,1
222414,1
334393,0
399817,1
146354,1
168819,1
132587,1
127645,1
165622,1
363648,0
227632,0
118395,0
95867,1
384056,1
411661,0
162854,1
381620,1
305105,0
123473,0
88618,0
328959,0
300915,1
374694,1
291481,1
255456,0
53364,0
298865,1
381973,1
130038,0
237929,1
91315,0
174291,0
251230,0
54323,1
124524,0
302433,0
224089,1
270222,0
235311,0
259639,1
391650,1
212875,1
41304,1
203,0
150159,1
137399,1
96807,1
287491,0
263412,1
23979,0
25009,1
132709,1
220845,1
181259,0
266413,1
128558,0
143876,1
79049,1
58189,1
330076,1
42512,1
112803,1
348345,1
173187,0
43438,0
154631,0
262790,0
31996,0
173952,0
348459,1
4785,1
175050,1
57367,0
75048,0
201172,1
97231,1
250571,1
263353,1
277069,0
308770,0
251332,0
159300,0
239302,1
345914,0
226643,0
283554,0
62881,0
144273,0
298624,1
228361,0
373751,1
166610,0
343485,1
398462,1
22923,1
92244,0
303445,1
295074,1
341205,1
75453,1
116325,1
19505,0
358871,1
272143,1
77060,0
228197,0
164329,1
27145,0
326761,1
231389,1
220860,0
356934,0
165040,1
251980,1
381714,1
326119,1
195472,1
193436,1
249689,0
10816,1
137803,0
341588,0
172280,1
282883,1
184078,1
211196,1
132268,1
118062,1
91369,1
45792,1
393070,0
350889,1
179549,1
58913,1
204444,1
26679,1
381680,1
180887,1
241460,1
367078,0
136415,1
351839,1
345980,1
84807,1
262851,0
220017,0
115384,1
249544,1
185838,0
70384,0
360817,0
198742,0
368651,0
222826,0
120557,0
242708,0
409205,1
153621,0
344736,1
138978,1
234699,0
115970,1
163685,1
180096,1
321639,1
35054,1
154517,0
24540,0
297907,1
389179,0
84251,1
318450,0
392819,1
99924,0
390657,0
322989,0
240369,1
193413,1
374864,0
90440,1
77874,1
148596,0
31698,1
389505,0
151903,0
239936,1
51368,1
165165,0
7898,0
20464,0
294529,1
289698,1
9349,1
171596,1
93674,0
322786,0
209190,1
329200,1
131218,1
218349,1
329680,1
284401,0
390613,1
227622,0
352387,1
337873,0
288579,0
219974,0
410832,1
368727,0
311489,1
93111,1
377165,1
172113,1
188263,1
338130,1
206828,0
133168,1
389914,1
362117,0
250023,0
49735,1
262560,1
115070,1
117052,1
32342,0
70000,1
318270,1
228431,1
250853,0
49090,1
220024,0
383065,0
386985,1
312026,1
368860,1
227604,0
303954,1
25192,1
12913,0
54833,1
33393,0
373107,1
210321,1
223131,0
3967,0
20154,0
166839,1
389546,1
272242,0
271631,1
136374,1
178482,0
380392,0
39009,1
221795,1
349187,0
371116,1
137165,1
282178,1
150845,1
59949,1
55244,1
402428,1
72630,1
398162,0
360182,0
159272,0
267898,0
2034,1
365161,1
95011,1
259819,0
24621,0
275968,1
308827,0
164969,0
261825,1
296597,1
63851,0
227387,0
364408,0
87471,1
169291,0
300230,0
370899,1
43252,1
365884,0
45619,1
67677,0
116931,0
279776,1
129390,1
235747,1
283038,0
133930,1
342112,1
382227,1
411316,0
182995,1
75711,1
32868,0
280902,1
45977,1
64938,0
154133,1
72495,0
247287,0
116812,1
75823,1
356864,1
83562,0
90103,1
357239,1
23849,0
119245,1
38162,1
380718,0
352900,1
46658,0
370063,1
354971,0
298146,1
127675,1
253835,1
270199,0
322447,0
235364,0
304538,0
161179,1
139436,0
20948,0
8842,0
290894,1
358119,0
89234,1
298861,0
123922,1
301970,1
106888,1
238769,0
270613,0
2956,0
70873,1
390501,1
61848,1
33144,1
62200,1
67818,0
301203,1
184733,0
132197,1
311159,0
64329,0
380949,1
194335,1
118329,1
201784,0
248045,1
74528,0
361011,0
279438,0
276806,1
5825,0
145993,0
392064,1
134144,1
78049,1
119509,0
242235,1
42261,1
233311,0
102356,0
60123,1
67103,0
255781,1
108074,1
19073,0
340159,1
2756,0
389308,1
209316,1
24965,1
33727,1
325964,1
141562,1
294763,1
210068,1
143557,0
289781,0
19959,1
309494,0
15854,0
59609,1
368599,0
160987,1
300337,1
409039,0
56821,1
177538,1
230768,1
32078,0
230513,0
114210,0
324086,0
388459,0
384519,0
243580,0
109009,1
2927,1
262665,1
194387,1
154639,0
75023,1
289935,1
266343,1
304306,1
359022,1
193147,1
126645,1
357950,0
6972,0
167135,1
10846,1
63270,0
319697,0
107963,0
37104,1
67970,1
286174,0
66992,1
100470,0
22303,0
151862,1
153036,1
92685,1
26555,1
367686,0
258197,1
304482,0
16869,0
96257,1
58410,1
214252,0
14265,1
403514,0
271295,0
255606,0
329484,0
73194,0
125568,1
203040,0
158173,0
29881,1
37148,0
305289,1
359787,1
316909,0
261151,0
383434,1
203463,0
325249,0
267289,0
322111,0
248435,1
24098,1
276767,0
52101,0
130924,0
12038,1
305610,1
270611,0
286480,1
325696,0
292951,1
363598,0
317285,0
178570,1
105937,1
336333,1
367599,0
169370,0
86570,1
227833,0
321251,1
394403,0
84782,0
344418,0
180006,0
343836,1
22282,1
276939,1
174162,1
342420,1
377261,1
187985,0
118989,1
102014,1
174136,1
397969,0
405095,0
8795,0
196868,1
317535,1
119594,1
159306,1
220804,1
382192,1
133228,1
81520,0
95051,1
405324,1
202119,0
44514,0
185516,1
220805,0
184407,0
181446,1
411137,0
214109,1
67958,1
315722,1
321195,0
326564,1
2466,1
45109,0
17958,0
226401,0
213801,0
311667,0
71662,1
388631,1
62218,1
161468,0
332490,0
35604,1
168278,1
172267,1
263558,1
114123,1
218314,0
109066,0
153388,0
392906,0
167085,1
350400,0
81097,0
266039,0
385274,0
25586,0
256629,1
283668,0
178227,1
121471,1
139261,0
284440,0
363010,1
279084,0
166259,1
407384,1
125252,1
181582,0
147956,0
182493,1
284334,0
5895,0
402131,1
71711,0
322772,0
333670,0
403387,0
256302,1
356464,0
336472,0
95381,0
250597,1
297583,1
203189,1
205878,1
52873,0
81899,1
334064,1
401383,1
46447,1
241205,0
390557,0
182456,0
220239,0
372679,1
213741,0
140980,0
338813,0
188643,1
144324,0
25820,0
136930,0
350711,1
353872,1
212350,0
117311,1
213807,0
217637,1
266170,1
26025,0
178833,1
312500,0
407735,1
397006,1
32901,1
191228,0
373541,1
244755,1
34962,0
186986,1
45220,0
77843,1
259887,1
332221,0
189215,1
204214,0
76929,1
203677,1
176529,1
175860,1
385272,1
309387,0
372373,1
327269,1
331128,1
44738,0
272984,0
394896,0
373450,1
338426,1
378198,1
260670,1
140156,1
266842,0
262296,1
404151,0
225899,0
362747,0
276237,0
285643,1
18932,0
81300,0
169944,0
175454,1
30830,0
285753,1
311801,1
317816,0
32519,0
242380,1
136654,0
171091,1
7478,1
240350,0
276810,0
330448,1
366686,1
390305,0
301251,1
349479,1
225459,0
205994,0
64745,0
358332,1
188600,1
277894,1
170055,0
113978,0
375981,1
371096,1
162343,0
364466,1
239609,1
25416,0
228194,0
97870,1
48958,1
361872,0
9998,1
333566,1
147098,1
306210,0
350017,1
182929,1
168814,0
205229,1
373394,1
269909,0
88985,1
260241,1
181473,0
9266,1
301350,1
395790,0
20769,0
284251,1
163755,0
304192,1
16299,1
319286,0
204443,0
179202,1
223351,1
385036,1
335081,1
345365,0
92346,0
119470,0
263275,1
191751,0
197639,1
229334,1
264319,1
141596,0
222545,1
189753,1
316053,0
300761,0
18134,0
207576,1
199729,1
395419,1
377404,0
286255,0
149031,0
37985,0
278597,1
147292,1
357971,1
79440,1
375444,1
333396,0
184854,1
31467,0
240707,1
358150,1
38590,1
356333,1
348492,1
152908,1
112584,1
277243,0
391663,0
12345,1
294274,1
369267,1
278070,1
145068,0
333510,1
140629,1
161016,0
91816,1
314932,1
284732,0
297137,1
355932,1
103485,1
227700,1
278612,1
125293,1
172949,1
323226,1
240017,0
83175,1
334997,1
411531,0
396036,1
137477,0
365843,1
157342,1
361306,1
8251,1
351509,0
211423,1
85070,1
207894,1
17474,0
55499,1
152403,0
73897,0
42589,0
199310,0
57489,0
230181,0
329311,1
153618,1
261286,0
314545,0
130004,0
76376,1
33028,1
106799,1
66459,1
201116,1
378493,1
155378,1
54974,0
331284,1
207344,1
236388,1
72751,1
88611,0
96272,0
106877,0
146059,1
27166,0
218861,1
50979,1
212116,1
57593,0
286224,0
188991,1
23476,1
351207,0
162802,1
143519,1
283244,0
195489,1
13082,1
124402,0
28513,1
322320,0
305151,1
267491,0
303674,1
267072,0
70880,1
209813,1
168970,1
259272,0
209315,1
350854,0
399267,0
394358,1
141677,1
18690,0
295127,1
354799,1
319533,0
396537,1
118869,1
196053,0
150452,1
87305,0
57845,0
67131,0
117616,0
18344,0
108661,1
346075,1
313093,1
363652,0
109281,0
220200,1
22624,0
193057,1
241295,0
376395,1
199636,1
260511,1
30514,1
125412,1
212369,0
294577,1
303457,0
374870,1
296221,1
25407,0
161560,0
201943,0
34306,0
130223,1
83240,0
68080,1
245792,0
286307,0
104367,1
235613,0
369712,1
281625,0
160361,1
249889,1
243079,1
225440,0
231463,0
387924,0
334210,0
241368,0
203184,1
146035,0
18171,0
299437,1
371510,1
167366,0
229417,0
172965,1
206817,0
171753,0
77889,0
8040,0
97738,0
365624,1
304268,0
223666,0
118302,1
114076,0
38108,1
110655,1
117735,0
123524,1
231021,0
197313,1
19077,0
298026,1
385008,1
41259,0
70297,0
403922,0
111912,0
406912,0
112385,1
292109,0
10313,0
10952,1
404715,0
305772,1
141100,1
311246,1
399116,0
334515,1
266507,0
1425,0
7632,1
283570,1
188556,0
247783,0
259278,0
231221,1
118377,0
135082,1
148021,1
35582,0
358587,0
406049,1
211750,0
224582,0
287948,0
256989,0
150655,1
51003,1
162309,1
78314,0
204016,0
305040,0
331044,1
52692,0
210532,1
250811,1
285820,1
21322,1
149714,0
379814,0
157762,0
141153,0
287176,1
277997,0
167678,1
315337,1
45775,0
261206,1
411577,0
403172,0
304490,0
395050,0
296936,0
33959,1
112543,1
286684,0
351111,1
339063,0
295538,1
148109,1
33980,1
408560,0
13239,1
217922,0
42590,1
263604,0
371244,1
172795,0
333253,0
188841,1
292454,1
257687,1
356062,0
351099,1
306374,1
368241,0
26067,0
359853,1
322687,0
332971,1
318862,0
258741,1
130027,0
406054,1
343008,1
227367,0
238824,1
288641,1
61931,0
214839,1
234499,0
399699,0
208042,1
368883,1
313041,1
229318,1
397024,0
116611,1
129586,0
49094,1
56564,1
202054,0
183287,1
211746,0
56196,1
242398,0
286379,1
94501,1
278515,0
391591,0
132362,1
205068,1
305290,1
143309,0
398344,0
116647,1
94676,1
340592,1
164376,0
240366,1
185299,1
259320,1
178054,1
379452,1
40957,1
341325,0
249478,1
253120,1
82664,1
15902,1
326427,1
189592,1
58330,1
89023,1
92455,1
150165,1
350905,0
232146,1
4479,1
206707,1
381567,1
374266,0
372206,0
329129,1
153044,0
146734,0
205346,0
253149,0
164132,1
132231,1
132455,0
175033,1
169723,1
320536,0
81332,1
268073,0
241481,1
97774,0
230713,1
49279,1
315772,1
213469,1
404594,1
172101,1
313059,1
344312,1
133968,0
264003,1
106845,0
139517,0
242636,0
396180,0
319273,0
272395,1
14568,1
246077,1
90373,1
132501,0
269412,0
343522,0
29588,1
255544,0
336121,1
360551,1
119639,1
216394,1
178133,1
124232,0
243229,0
154325,1
69359,1
329510,1
102252,0
231717,0
360937,1
249542,0
352129,0
45142,1
81423,1
197402,1
283498,0
258944,1
114332,0
151959,1
50680,0
356468,1
283928,1
330330,1
169080,1
282425,1
97308,1
24771,0
380471,1
193122,1
315801,1
89038,1
238992,1
136759,1
383009,0
270493,1
149281,0
114526,0
77457,1
279865,1
184817,1
45572,1
82337,1
83169,1
13113,0
234522,1
17249,0
345179,1
215673,0
343119,1
270023,1
258807,0
93799,0
56069,1
34204,0
112010,1
291648,0
251476,0
232692,0
303672,1
273650,1
87066,1
360614,1
62895,0
304815,0
381463,0
102549,1
73602,1
46738,1
178892,1
14616,0
243687,1
330821,1
114244,0
35899,0
315620,1
75628,0
45128,0
46037,1
168515,0
49209,1
366172,1
384232,1
334583,0
176466,0
152937,0
383554,0
357792,1
236785,0
114344,0
114162,0
282800,1
77629,1
368123,0
177184,1
369628,1
290389,1
337437,1
135246,0
273774,1
372089,1
4879,1
279174,1
369122,0
276352,0
391858,0
340523,1
145074,1
183635,1
271018,1
74904,0
126514,0
246114,0
123847,0
12441,1
374503,1
114598,0
369463,1
102903,0
19012,0
170485,1
334208,1
240095,0
27174,0
34021,1
253179,0
88014,0
399066,0
276022,1
22356,0
247113,0
287396,0
130237,0
103540,0
102557,0
88929,0
31627,0
76346,1
100416,1
381760,1
312692,1
343456,0
223080,0
117956,1
48206,1
234468,1
344120,1
196473,1
278259,1
122700,1
2888,1
276871,1
311107,0
369334,1
153832,0
193921,0
94455,0
273941,1
65269,0
101879,1
265445,1
169830,1
131901,1
235561,1
304459,0
341798,1
302493,1
304503,0
229887,1
387362,0
186472,1
66373,1
125552,0
247293,1
159224,0
129557,0
261504,1
242939,1
353357,1
281544,1
253627,0
126571,1
7812,0
147260,0
315793,0
167591,1
186801,1
373645,1
188351,1
382818,1
223868,0
293117,0
94838,1
251527,0
176515,1
76471,0
215076,0
319655,0
319717,0
207653,1
83834,0
283799,0
73369,0
86574,0
114415,0
78380,1
337053,0
108035,1
279700,1
106911,1
52389,1
223361,0
103506,1
41358,1
345759,0
411785,1
374938,1
265732,0
348937,1
411361,1
138698,1
213058,0
356233,1
159192,0
396759,1
147412,0
11473,0
327842,1
256131,1
70412,0
13604,1
284422,0
302393,0
34105,1
313631,1
360967,1
243862,1
325470,1
54707,1
210622,1
262822,1
15028,0
156199,0
235464,0
26401,1
303137,0
249163,1
406478,0
330341,1
250421,1
282931,0
254711,1
114354,0
326886,1
98573,1
384450,1
238728,1
195719,0
159420,0
295462,0
114068,0
170357,1
133398,1
27573,0
397815,1
101487,0
88982,1
164830,1
81902,1
70832,1
42321,1
375612,0
280587,0
320692,0
163750,0
377704,1
299925,0
239382,1
116295,1
189638,1
211881,0
237539,1
70711,1
227405,1
312355,0
397469,1
127658,0
330125,1
304659,1
291542,0
204593,0
368716,0
211548,1
276131,1
269252,1
295921,1
223813,0
316635,0
272159,1
93825,1
95923,1
90937,1
303290,0
216620,1
374087,1
262282,1
81081,0
384050,1
103215,0
73324,0
184402,0
312232,1
188835,1
356082,0
140701,1
267873,0
28279,1
364275,0
354960,0
216377,1
264750,1
389594,0
287967,0
337415,1
136273,1
159521,0
40554,1
30290,0
88424,0
170272,0
327175,0
102614,1
341982,1
53810,1
230879,0
117952,0
80079,1
215265,1
166391,1
169536,0
96875,1
276894,0
182375,0
107933,0
176308,1
114668,0
9421,1
20091,0
144894,1
238600,1
48786,0
297149,1
399906,1
78168,1
278452,1
58989,1
86569,0
270695,1
5900,1
254417,1
27259,1
332932,0
164226,1
162015,1
170812,0
276865,0
407241,1
350331,0
103979,1
159235,0
197099,0
244850,0
365199,0
368708,0
148025,0
3223,1
78952,1
323517,0
333213,1
392478,0
37117,0
70473,0
150823,1
378033,1
254164,0
84325,0
389658,1
331488,1
313110,1
89677,0
313826,0
172182,0
326205,0
120568,0
148486,0
229098,0
342410,1
64836,0
116588,0
30192,1
167877,0
21363,0
344472,1
191867,0
271370,1
295615,1
11585,1
148686,0
178169,0
396242,0
163174,1
95848,1
237748,0
63186,0
118777,1
26395,1
345946,1
191724,1
146344,0
334155,1
272966,1
278877,1
1255,1
48057,0
269944,1
64658,1
255248,1
380800,1
198019,1
147654,1
389039,0
169627,0
45616,1
246896,1
359121,1
119381,0
200959,1
47756,1
394679,0
171066,0
183453,1
341668,0
245662,1
170864,0
355181,0
393286,1
312238,0
285013,0
47625,1
257200,1
176472,1
119033,1
368223,0
215894,1
360761,0
161451,0
264298,1
63810,1
72828,1
19857,0
267671,0
159207,0
114369,0
147941,0
369668,0
213,1
137627,0
316400,1
143425,1
57163,0
70044,1
14605,0
240681,1
136202,1
380575,1
375761,1
233601,0
39131,1
374204,1
46306,1
333266,1
407411,1
335555,1
132457,1
64699,0
277980,0
223857,0
58789,1
108653,1
370599,0
174034,1
153082,0
252907,0
96598,1
366755,1
322603,0
201609,1
288633,0
35761,0
9222,1
145193,1
355286,0
404586,1
369588,1
310093,1
23285,1
279560,1
201165,1
356424,1
201721,0
4917,0
82609,1
59099,1
310460,0
322263,0
187987,0
183648,1
97698,0
307212,1
158244,0
165993,0
263945,0
204237,0
176837,1
405152,1
308835,0
226805,0
341500,0
344768,1
61265,1
366842,1
88237,1
404158,0
157993,1
166969,1
212902,0
184429,0
57806,0
253100,0
260395,1
267660,0
344843,1
294875,0
392108,0
43225,0
135111,0
102075,1
401550,1
372371,0
165055,0
324048,1
17950,1
43258,1
74031,0
296186,1
96575,1
359520,1
26805,0
153210,0
143752,1
215713,0
163712,0
88066,1
172995,0
204295,1
310674,1
332237,0
295892,1
165537,1
406430,0
396264,1
408474,0
169916,1
401774,0
296818,1
94081,1
67648,1
232165,0
56222,1
384603,1
4448,1
21739,0
217899,0
64432,0
235035,1
79052,1
11722,1
249705,0
323715,1
288503,0
317780,0
26092,0
122095,1
409331,0
41458,1
225896,0
28380,1
377934,1
49652,1
54081,1
39052,1
3933,0
290027,1
49589,0
266526,0
205863,1
85625,1
345584,0
5894,0
408268,1
215868,0
308971,0
65251,0
319260,0
245192,0
3997,0
202534,1
89571,0
43727,0
393085,0
319643,0
157541,1
42101,1
107774,0
51793,1
377199,0
300265,0
93929,1
181580,1
75959,0
308666,1
219809,1
393188,0
353171,1
368218,0
384258,1
266084,0
290357,1
366013,1
312693,1
89714,0
366073,1
280311,1
99487,1
76936,1
280674,1
394002,0
78885,1
378824,1
45804,0
28025,1
205881,1
223607,0
294693,1
75560,1
399252,0
70871,1
165543,0
185550,1
296164,1
193067,1
328251,1
320762,0
237640,1
342282,0
323607,1
271000,0
198541,1
164515,0
141279,0
267909,1
81639,1
164060,0
29971,0
217484,0
180325,0
37265,1
109924,0
351415,0
87864,0
194245,0
385501,0
348763,1
389613,0
313976,1
402861,1
62644,0
232633,0
323994,0
335326,1
391487,1
35502,0
148899,1
183136,1
326094,1
341409,0
240105,0
290330,1
239720,1
313115,1
181153,1
70150,0
367467,0
365999,1
405565,0
23173,1
270315,1
242477,1
313156,1
97236,1
383187,1
353826,0
221411,1
38449,1
368740,1
310560,1
16625,0
205203,0
388125,1
249171,1
66827,1
102881,0
78051,0
178084,1
318201,1
108491,1
368250,0
148303,1
136785,1
198725,1
232193,1
49174,1
163970,1
401793,0
208801,1
276737,0
157513,1
288995,1
156723,1
24333,0
270333,1
76956,1
301094,1
187442,1
350610,0
127838,1
119427,1
277339,1
149389,0
199926,1
401464,0
269609,1
21932,0
215301,0
289219,1
131053,1
355233,1
14939,0
395211,1
93087,1
268686,1
76897,1
300174,1
389032,0
122115,0
111500,0
323514,1
213439,0
137724,0
129608,0
9358,0
166062,1
114217,0
122704,1
30207,0
199011,1
408049,0
67279,0
224573,0
395374,0
156781,0
399999,0
100434,1
100982,1
257557,0
157805,1
68054,1
219588,1
125274,0
121473,1
360126,1
175686,0
211617,1
322169,1
406637,0
75607,0
224058,0
164007,1
43392,0
34282,0
230878,0
325844,0
281951,1
27394,0
26629,1
10196,0
62105,1
235814,1
114491,0
215137,0
409299,1
341101,1
78157,0
96233,1
751,1
37429,0
327426,0
166800,1
64690,0
82147,1
169938,0
101525,1
1610,1
218073,1
293291,0
25255,0
409716,1
44356,0
396905,1
261280,0
342963,1
98724,0
36370,0
247143,1
145019,1
369589,1
369738,1
129828,0
246687,1
365727,1
59515,0
336518,1
276338,1
151849,1
410069,0
151761,0
263910,0
232737,0
399971,0
133406,1
143103,1
285408,1
7850,0
37426,0
177753,1
175072,0
131681,0
387128,1
67967,1
44327,1
309224,0
290346,0
326549,0
76428,0
138384,1
318808,0
397951,0
190868,1
237858,1
293841,1
185651,1
314746,1
302539,0
245343,1
64467,1
118709,1
99531,0
321129,1
387265,1
183461,1
355102,0
81581,1
2699,0
216847,1
128606,0
380682,0
195154,1
332469,0
173686,0
53472,1
270118,1
124422,0
241627,0
280419,0
330673,1
207790,1
379862,1
102980,0
202632,1
14769,0
218562,0
43867,0
322061,0
124135,0
240585,1
228399,0
204145,0
194399,1
192804,1
223603,0
395861,1
103401,0
93190,1
288860,0
191281,1
206616,1
199471,0
275759,1
71587,0
160046,0
240538,0
131316,0
156228,1
263416,0
232022,0
44618,1
375806,1
44934,0
196335,1
93268,0
133455,1
156653,1
201201,1
203999,0
18836,0
50051,0
320503,0
345460,0
381031,1
72066,0
342903,0
7443,1
278451,0
109137,1
192374,0
330216,1
209672,1
7744,1
42476,1
391353,1
179365,1
271635,0
253764,0
321242,0
150545,1
324324,1
36918,0
72516,1
153662,0
348910,0
116238,1
164760,0
341817,0
70125,0
374351,1
319127,0
10426,0
193663,1
220792,0
70199,0
267192,1
114045,0
329756,1
395533,0
267678,1
378712,1
339551,1
12173,1
2768,0
65041,1
375157,0
392103,0
372745,1
345244,1
341663,1
400411,1
285009,1
304820,1
22809,0
131327,0
310379,1
272192,1
179612,0
82987,1
330325,1
119038,1
55052,1
48315,1
265756,0
228850,1
225388,0
16888,0
154484,0
411421,0
338990,1
291273,1
61778,0
301835,0
183273,1
167028,1
133695,1
367661,0
323148,0
335254,1
132269,1
17696,1
268204,1
210978,1
273699,0
336076,0
109082,1
189997,1
8594,0
284457,0
67154,0
56520,1
130475,0
157840,1
75574,1
408148,0
303858,0
52791,0
186255,0
146770,0
409446,0
67465,1
385520,1
409362,0
215763,0
309001,0
388292,1
1118,0
396529,1
148156,0
45169,0
189988,0
68143,0
156746,0
219137,1
225278,0
134388,1
153728,1
18965,0
19233,0
258271,1
227429,0
280789,1
90188,0
411619,0
196672,1
387151,1
399478,0
380118,1
361906,1
300836,1
368111,0
155191,1
208523,1
141936,1
268790,0
173205,1
152385,1
372726,1
139676,1
94065,0
408229,0
158587,1
271504,1
405673,1
27941,1
48541,1
262123,1
50684,1
371103,1
113553,1
340057,0
102789,0
284595,1
293543,0
244178,1
2836,1
354800,0
277749,0
370921,1
394014,1
233965,1
12016,1
115656,1
399961,1
184734,0
40890,1
53269,0
22343,0
219889,1
115598,1
201079,1
57119,0
198629,1
113363,1
25744,1
156955,0
194185,0
208635,1
213751,0
268843,0
101696,1
102896,1
54131,0
267697,1
214954,1
372759,1
254676,0
270633,1
212313,1
192403,0
31261,1
240623,1
140010,0
117686,0
123627,1
326826,1
361772,1
55524,1
284561,1
199878,0
222718,1
119713,0
163475,0
111712,0
33274,1
344328,1
203537,1
294401,0
132473,1
73223,0
71966,0
351438,0
224304,1
146009,0
354826,0
281475,1
113961,1
32458,0
336637,1
160593,0
129294,1
303184,0
311849,1
191632,0
307944,1
387500,0
267061,0
295398,1
202147,0
326122,1
18129,0
83241,0
14767,0
17473,0
24245,1
206078,1
14782,1
370739,1
12399,0
46196,1
369973,1
368622,0
291785,1
226567,1
267572,0
84920,1
167906,0
233458,1
248666,1
148073,0
53627,1
242969,1
281177,0
28777,1
341999,1
29242,0
262970,0
282969,0
70425,0
155344,0
127632,0
167264,1
7770,0
346789,1
150302,0
133731,0
66888,1
257504,1
136736,0
304428,1
127856,1
405722,1
346554,1
25897,0
380828,0
202229,1
189692,1
178571,1
124375,0
246261,0
22136,0
353240,0
143035,0
248575,1
309900,1
214603,0
189796,1
322640,0
125654,0
44579,0
62722,0
228255,0
192125,0
267260,0
252446,0
340128,0
206379,0
290070,1
192703,1
185730,1
276801,0
389721,0
11291,1
53630,1
24133,0
212198,1
250539,0
68932,1
98245,1
33454,0
253125,1
194348,1
293877,1
21245,0
7820,0
353649,0
246047,0
136717,1
308080,0
348908,1
323914,0
343351,1
223306,0
294369,1
133421,0
55289,0
292060,1
42801,0
18463,0
198190,1
267846,0
197454,1
171799,0
365472,0
266110,1
203288,0
304552,0
345569,0
89986,0
219077,0
25202,0
62388,1
257468,0
394726,0
240466,0
390524,0
101433,1
134428,1
149072,0
301700,1
331978,1
58646,1
124740,1
147299,0
314653,0
244996,1
286998,0
231272,1
116297,0
257066,1
231762,0
51600,0
158707,1
309200,0
144028,0
314393,1
157016,0
11920,1
315103,1
215389,0
217487,0
316225,0
337350,0
49554,1
140097,0
140167,1
256290,0
71215,0
329493,1
290751,1
285849,0
154847,1
325788,0
49068,0
304807,1
229779,0
166485,0
39895,1
80163,1
70009,0
258214,0
78754,1
161067,0
323563,1
274476,1
382829,1
98354,1
10174,0
282987,1
285373,1
394797,1
338210,0
223819,0
130238,0
303045,1
24910,0
17606,0
238637,0
213257,1
301821,0
399845,0
343413,0
187956,0
176282,1
205762,1
399969,0
346170,1
148717,0
220950,1
364227,1
300446,1
7223,0
408348,0
62638,0
48812,1
269225,1
19730,1
148516,0
206250,0
239127,1
265836,1
188601,1
242292,1
187076,0
187574,1
38344,0
215070,1
103264,0
187373,0
234632,1
222890,1
141523,0
34910,1
22420,1
120074,1
321931,1
76163,0
397895,1
260481,1
411391,0
342611,1
364144,0
11980,1
100971,1
180490,1
308714,1
158696,0
125906,0
239835,0
94796,0
181484,0
258483,0
148982,0
289776,0
40657,1
317894,0
373907,0
31145,1
166238,1
127919,1
242967,1
79803,0
261430,0
53755,1
154319,1
380711,0
319150,0
95595,0
331145,1
234557,1
62063,0
8984,0
103240,0
175024,0
61069,1
203187,0
131824,0
327687,1
258931,1
209964,1
183016,0
12647,0
168582,0
99196,1
311652,0
39097,0
112113,1
389832,0
164964,0
307783,0
18062,0
28923,0
135337,1
110265,1
157853,1
68459,0
175583,0
211584,1
3793,1
238138,1
399482,0
107760,0
229208,0
198701,1
334186,0
50143,1
136271,1
14105,0
212241,0
340206,0
298639,1
123817,1
357731,0
267595,1
21683,0
235515,1
172098,1
410503,0
97179,1
95087,0
314117,0
112955,1
371319,1
27774,1
8123,1
187140,1
314866,1
78748,1
327423,1
307220,0
138754,1
134495,1
268847,0
325153,1
267056,0
252966,1
368331,0
137475,0
354744,1
99685,1
307895,0
228033,1
225726,0
111755,1
51077,1
64186,0
107592,1
308487,1
19307,0
108993,1
70047,0
270468,1
252699,0
394392,1
72947,0
371770,1
16411,1
221698,0
409189,1
12960,0
391815,1
78443,1
57608,1
261091,0
289142,0
248238,0
142474,1
36892,1
203840,0
15552,0
81479,0
167412,0
22103,0
191294,0
333545,1
61837,0
28429,1
359766,1
411821,1
102706,1
239269,0
229104,1
272435,1
38537,1
151865,1
33641,1
379191,1
115502,1
211735,1
407958,0
328279,1
276529,0
46961,1
169486,0
276097,1
27090,0
37123,0
354258,1
32573,0
57214,0
169474,1
282948,0
162146,1
183627,0
22998,0
55426,1
311424,0
63648,1
297158,1
3018,1
7354,0
225797,0
341073,0
333492,0
240437,1
400970,1
139088,1
205057,1
254720,1
287952,0
6409,0
229333,0
387865,0
230519,0
262882,0
9819,1
196585,0
30964,0
375512,0
385647,1
234955,1
133282,0
124760,1
53800,1
310445,1
208334,1
318156,1
156482,0
239144,1
260124,1
215799,0
29056,1
58348,1
18829,0
352318,1
153657,1
31583,1
322852,1
337863,0
362356,1
136628,0
279446,0
128951,0
116239,1
332422,1
392691,0
192900,0
299720,1
166230,1
43470,1
10143,0
264467,1
266982,0
31663,1
319243,1
95409,0
271701,1
114124,0
100271,0
109541,1
406354,1
146743,0
192361,0
67160,0
339326,0
245507,0
223219,1
340956,1
402086,1
231733,0
188100,0
215335,0
214896,1
46746,1
291974,1
159382,1
121608,1
201818,1
192648,0
88550,0
91017,1
215456,0
127269,1
375383,1
193910,1
319967,1
178485,1
248684,1
85651,1
187534,1
43615,1
220521,0
266265,0
274291,0
69487,0
134423,1
384048,1
367994,0
332302,0
279562,1
97326,1
355110,1
375334,0
34799,0
255774,1
177080,1
73748,0
247604,0
283458,1
304502,0
105087,1
28351,0
311659,0
45731,0
346814,1
54180,0
169874,1
260802,1
14015,0
222800,0
276566,0
370286,1
125335,1
48998,1
136653,1
96063,1
270638,0
223075,0
292415,1
311149,0
172070,1
224003,0
356925,1
265669,1
141318,1
150577,0
403564,1
396558,1
262699,0
250926,1
266951,1
56168,1
236393,1
43518,1
277884,0
341922,0
88383,0
149526,1
113462,1
86865,1
350416,1
25139,1
3044,0
253206,0
337032,1
375123,0
393629,1
389507,1
20230,1
191351,1
151260,1
73467,1
342475,0
77950,0
96786,1
393766,1
196204,1
154704,0
308926,0
411452,0
109116,1
373388,1
380941,1
27038,0
37850,1
88479,0
249238,0
41613,1
312335,0
64243,1
263941,0
244159,1
68403,0
235598,1
258692,1
69765,1
200095,1
354131,1
253094,1
241144,0
97651,0
394780,1
217935,0
368702,1
355906,1
172968,1
76515,0
338302,1
343294,1
157078,1
264471,1
165472,1
139667,1
225575,1
263035,0
300691,0
98835,1
313566,1
155356,0
251972,1
218048,1
269365,0
225067,0
203103,0
250780,0
212441,0
134236,1
34635,1
255464,1
166755,1
245580,1
31864,0
316456,1
77851,1
139674,1
308942,0
251418,0
342740,0
50442,1
308758,1
39675,1
215303,0
93664,1
364234,1
302799,1
115130,0
311902,0
393139,1
277968,1
354568,1
364788,0
203826,1
117046,0
124838,1
25880,0
201712,0
338260,1
3498,1
368728,0
119644,0
280609,0
220269,1
303053,1
177136,1
379464,1
90979,1
94961,0
308769,1
303060,1
294671,1
356566,0
341340,0
106650,0
250356,0
49609,1
308718,1
325361,0
132330,0
149192,0
158298,1
325021,0
317156,0
67718,1
334754,0
102776,1
50289,0
148416,1
217550,1
152872,1
260973,1
34440,1
350269,1
274048,0
268119,0
322150,0
262696,0
278227,1
132874,0
266953,0
196658,0
21917,0
149512,0
324299,1
341573,1
53114,0
273428,1
276714,0
201,1
168650,1
66931,1
32804,1
387131,1
355118,1
195842,1
215690,0
324449,1
388834,0
8060,1
223100,0
315764,1
162866,1
45466,0
93699,0
22192,0
392670,0
197178,1
406174,1
364472,1
172209,0
216001,0
305129,0
283173,1
388754,1
270815,0
174434,1
83400,1
277301,1
84071,1
58581,0
361494,1
355658,1
76998,0
79824,1
314727,1
329415,1
227750,0
302765,1
71075,0
32247,0
383714,1
124446,0
134930,1
333372,1
163319,1
185736,1
309019,1
285110,1
7892,0
114295,0
6573,1
251765,1
250409,1
136308,1
266676,0
201708,0
33434,0
158219,1
339565,1
373271,1
25467,1
201491,0
25070,1
170775,1
98737,0
366349,0
315621,0
93240,1
187480,1
253118,0
7088,1
31198,0
35873,0
3062,0
245360,1
156986,1
365639,1
31428,1
397961,0
117114,0
223536,0
159,0
182247,0
298305,0
11486,1
105526,1
353898,1
10319,0
410231,1
269196,0
194797,1
162557,1
21939,1
201070,0
220836,0
335779,1
334823,0
342127,0
213733,0
146590,0
122240,0
378704,1
120677,1
307859,1
217451,1
132666,1
126984,1
171426,1
50375,1
149153,0
75957,1
57731,1
2270,0
219116,1
212650,0
163192,1
405332,1
340429,1
370386,1
400201,0
114079,0
331641,1
86359,1
267656,1
62679,0
34400,0
272219,0
296588,1
180236,0
122397,0
290736,1
200564,1
253562,0
268778,0
152090,1
244965,0
228452,0
127039,0
93248,1
314701,0
317297,0
155413,0
355320,1
397102,0
55996,0
79990,1
288635,0
408930,1
355664,0
294056,1
81944,0
13787,0
350820,1
233135,0
369674,1
14996,1
333919,1
332039,1
7306,0
120702,0
159579,0
385837,1
124405,0
201756,0
322817,0
332818,1
139415,0
300844,1
277841,1
212031,1
367313,1
294931,0
221915,1
293326,0
163453,1
411711,0
174254,0
236609,0
331137,1
72525,0
140573,1
389257,0
408027,0
390734,1
286226,0
176748,1
278340,1
92395,0
5835,1
325701,0
117906,0
304025,0
106832,1
365403,1
317210,0
320625,1
369822,1
249269,1
55667,0
263015,1
315726,1
213666,0
215398,0
232840,1
54645,0
86177,0
113001,0
345391,0
186080,1
291677,0
362797,1
132,0
330069,0
190619,1
264832,1
7154,0
265395,0
269845,1
394712,0
370637,1
372006,1
345389,0
200495,1
7761,0
354919,0
263633,1
340542,1
147240,0
168822,0
133281,1
324638,0
293574,0
13377,1
324515,1
49322,0
239719,1
284452,0
378357,1
411802,1
132474,1
289178,1
225934,0
29606,1
261383,0
389465,1
151812,1
63215,0
179831,1
131561,0
19770,1
290266,1
2878,0
215406,0
263737,1
404465,1
156121,0
382742,1
42845,0
256146,0
88336,0
52487,0
70569,0
341347,0
395100,1
199047,0
400813,1
382434,1
234467,1
258716,1
368703,1
118553,1
103140,0
406298,1
156862,1
295437,1
375210,0
231718,0
100586,1
245215,0
309101,0
246159,0
281294,0
293623,0
162590,1
201732,0
142501,1
164775,0
7772,0
126046,1
5299,1
190261,1
29413,0
27139,0
377601,1
131252,0
17861,1
402638,0
175096,1
263798,0
173783,1
295402,0
246045,0
133876,1
62085,0
321291,1
71608,0
319263,0
387543,1
4028,0
251243,1
22291,0
122134,1
340012,1
277418,1
137774,0
384912,0
243333,1
401571,1
225304,0
117846,0
318973,0
392789,1
300331,0
236465,1
248573,0
10049,1
175898,1
218068,0
126008,1
401679,0
199104,0
257945,0
363085,1
73326,0
399849,1
120422,1
165635,1
54535,1
4339,1
225879,0
209152,1
183927,1
268573,1
19601,0
275075,1
317212,1
55281,1
291143,1
151257,0
399250,1
350497,0
114732,0
144193,1
359886,0
377505,1
280331,1
74132,0
221122,0
182919,1
215557,0
328909,0
169692,1
145451,0
387507,0
259852,1
179791,0
262695,1
92991,0
299348,1
183580,0
220026,0
227725,0
169610,0
184604,1
109793,1
41334,1
35944,0
277027,0
191161,1
348927,0
39656,1
63847,1
7311,0
405242,0
5528,1
169374,0
131474,0
30128,1
325753,0
21769,0
274056,0
206293,1
102109,1
296366,0
117021,0
198819,1
269914,0
13534,0
27425,0
163271,1
130298,0
197156,1
151204,0
343479,0
311754,1
261919,0
235553,0
328646,1
69482,1
182335,0
358946,1
225520,1
392824,1
324544,1
134133,0
177782,1
119786,0
100223,1
51070,0
103222,0
411384,0
89075,1
203253,0
387982,1
202109,1
348603,1
244709,1
205350,1
227953,0
106171,1
70101,1
392161,0
56993,0
285834,0
374591,1
3529,1
63835,0
363556,1
274001,1
320139,1
184602,1
35652,0
147892,1
329582,1
110442,1
216011,0
8301,1
369355,0
230993,1
337822,0
224261,0
305378,1
253806,1
215890,1
45825,1
37487,1
14563,1
58742,1
176362,1
400971,0
187739,0
345870,0
371625,1
10132,0
180545,0
213201,0
411604,0
342629,1
385244,1
101272,1
395960,0
237309,0
104041,1
312462,1
331221,0
7279,1
121258,1
48091,1
112,0
211111,0
180189,1
403442,1
118774,1
80688,1
252848,1
396274,1
287720,0
365544,0
334965,1
278941,1
28419,1
235611,0
375984,0
149582,1
318535,0
340192,1
319426,0
1559,1
369067,1
234618,0
244511,1
289123,1
411386,0
3843,0
337699,1
122393,1
48746,1
304777,1
80303,1
233963,1
36518,1
220300,1
155751,1
146347,0
174972,0
6862,1
94466,0
22102,0
33284,1
191999,1
215950,1
320575,1
166750,1
354667,1
169208,0
268678,0
108950,1
152381,1
138636,0
55255,1
178345,1
140889,0
107781,0
338424,1
82829,1
252423,0
45945,1
83719,0
280543,1
340275,0
220885,1
287747,0
96936,1
259189,0
167446,1
49572,0
18677,1
301019,1
270001,0
133995,0
357391,0
380269,0
227591,0
225720,0
34084,1
2520,1
60078,0
172596,1
23104,1
358226,1
342866,0
23797,0
230716,0
68993,0
397584,0
227117,0
131821,0
28181,1
372940,0
58365,1
81480,0
5044,1
164965,0
195709,1
387503,1
76863,1
391305,1
267161,1
349669,1
327136,0
238134,1
304271,1
168780,1
262414,0
393879,1
199710,1
96873,0
14441,0
106300,1
81827,1
47595,1
119685,1
393537,1
234614,1
217652,1
102349,1
301042,0
200518,1
144744,1
106144,1
68127,1
292875,1
278358,0
215351,0
378238,1
782,0
408530,1
327284,1
261398,0
135852,1
90129,1
301453,0
112063,1
279637,1
56914,1
109789,1
230674,0
210488,1
146425,0
81888,1
89731,1
254853,0
332576,0
5631,0
69685,1
275530,1
396033,1
338782,1
159949,0
183426,0
2702,1
44880,0
270887,0
126921,0
19972,1
333136,1
18736,1
9858,0
96971,0
279616,1
152649,1
282625,0
267184,0
103315,0
4021,0
161604,1
76899,0
114037,0
97605,0
402268,1
261730,1
75244,1
59558,0
35092,0
103374,0
204528,1
137034,0
201538,1
92714,0
2573,1
49984,1
268214,1
62408,1
311624,0
108733,1
265921,1
395500,0
8159,1
35765,0
50204,0
46451,0
125693,0
102044,1
402913,1
60874,1
351042,0
343182,1
296579,1
839,1
74504,1
272386,1
60118,0
196291,0
228855,1
10656,0
59158,1
258538,1
4137,0
119206,1
173384,1
327626,1
35503,0
374020,0
252481,1
157141,1
263745,1
266396,1
156991,0
384967,0
1028,0
331224,1
276206,0
225902,1
60063,1
323259,1
383658,1
337133,1
342705,0
294688,1
217817,0
256880,1
126934,1
352841,1
295609,1
78026,1
339836,0
184503,0
136416,1
90677,0
216055,1
264196,0
176364,1
45712,0
335914,1
304801,1
384062,1
232899,1
3884,0
58454,0
275336,1
86819,0
218478,0
192519,0
85445,1
210269,1
54741,1
405942,1
89320,1
54699,1
280528,0
83281,1
225306,0
108623,1
295770,1
91953,1
326661,0
370807,1
229962,1
216935,1
208534,1
342155,0
59487,0
1193,1
35049,0
387494,1
130281,0
335050,1
43984,0
56523,1
50505,1
271015,0
89492,1
130920,0
35896,0
326203,0
238382,1
410358,0
368008,0
220778,0
312939,1
345585,0
68855,0
223377,1
251594,1
328639,0
271772,1
127474,1
43748,1
196506,1
380804,1
404929,1
222656,0
211862,0
325455,0
333479,1
307194,1
373468,0
334189,1
406841,0
155189,0
198842,1
376694,1
360651,1
356246,1
95048,0
148331,0
98958,1
200377,1
169109,0
236243,0
106840,0
60535,1
300056,0
327009,0
83272,0
180461,1
31407,1
408633,0
194778,1
365361,1
363617,1
220214,1
179944,1
58375,1
268654,1
242502,0
329960,0
345930,1
169514,0
126742,1
14152,1
256731,1
27580,0
214226,0
45563,0
405632,1
218611,0
107236,1
206327,1
259562,0
279972,1
89893,1
27650,0
35785,0
351313,0
107429,0
293479,0
331939,0
312519,1
252888,1
299716,1
373097,1
36685,0
155883,1
221584,0
172702,1
259678,1
411685,0
195836,1
252808,1
376545,0
387808,0
109964,1
94777,0
297870,0
360962,1
297225,1
235782,0
26128,1
228486,0
152209,1
16788,1
188092,1
307353,1
3939,0
275387,1
238934,1
399796,0
23223,0
269912,0
193103,0
394580,0
25430,1
169679,1
255789,0
332568,0
226169,0
253760,0
198589,1
17124,1
54401,1
233194,0
405903,1
132588,1
111399,1
108508,1
270588,1
375009,1
356250,1
204314,0
337844,0
287864,1
146165,0
236873,1
139050,1
204956,1
115939,1
47946,1
266462,1
39239,1
309750,1
96191,1
125826,0
55406,1
278575,1
131415,1
125952,1
96608,0
247863,1
297274,0
249953,1
375013,0
222210,0
223274,0
151915,1
36681,0
268602,1
220538,1
339500,1
199381,0
165855,1
221289,0
305094,0
352267,1
122460,1
121954,0
111082,1
201869,0
348733,1
103269,0
246853,0
191706,0
269097,1
347243,1
214318,0
390478,0
195241,0
30727,0
24680,1
226039,0
213973,1
243704,1
361524,1
297611,1
231320,1
131016,0
114144,0
64708,0
4008,1
263964,0
332488,1
258341,1
225307,0
190440,1
203895,0
261623,0
360096,1
292010,1
333455,1
316800,1
221835,1
113932,1
103148,0
355281,1
61240,1
331921,1
353183,0
402644,0
110308,1
267384,0
233986,1
319835,1
221053,0
114372,0
171094,1
406767,0
137136,1
35127,0
110068,1
105404,0
298730,1
299403,0
204555,1
318990,1
211885,0
236209,1
156703,1
342811,0
14694,0
307040,1
176972,1
399148,0
253555,1
296691,1
333286,1
328504,0
14002,1
406900,0
340041,1
38065,0
27035,0
36213,0
333377,1
70689,1
271469,1
321994,0
183337,1
394531,0
215896,0
223646,0
392916,1
193163,0
328237,0
309290,1
42557,1
93264,0
411048,1
212279,1
201500,1
142030,1
310896,0
373997,0
367524,0
32382,0
59159,1
362983,1
9085,0
364126,0
287289,0
93981,0
293281,1
239169,1
369479,0
411150,0
408276,1
113266,0
221865,1
219905,0
293614,0
141967,0
80658,1
166176,0
85430,0
256269,0
83087,1
149088,0
220921,0
36881,1
293673,1
3325,0
294970,1
1716,0
8635,1
241159,1
168042,1
380985,0
204446,0
33450,0
95894,1
255515,1
139473,0
267114,0
201162,0
186633,0
268762,0
200383,1
36970,0
305635,1
320149,0
167817,0
7335,1
105991,0
201652,0
241637,1
14453,0
228971,1
289880,0
216937,0
280090,1
142769,1
343586,1
226850,0
355861,1
242,1
306753,1
40353,1
48629,1
359859,1
125378,1
33120,0
134009,1
1799,0
331420,1
167549,1
256142,0
305377,1
61070,1
212774,1
342330,0
234584,1
74791,0
407047,0
89444,0
374361,1
106419,1
378513,0
80507,1
104657,0
218623,0
85597,1
290118,0
408609,0
233856,1
177978,0
130311,0
155213,0
29889,1
316542,1
299286,1
29720,0
355220,0
73684,0
44958,0
18394,1
195419,0
36478,1
354215,0
399541,0
85524,1
6186,1
377186,1
389975,1
74030,0
303941,1
40878,0
26860,1
158906,1
371523,0
206471,1
59897,1
20197,0
60074,0
223805,0
74476,1
20886,1
51882,0
298439,1
91568,1
328471,1
65005,0
264696,1
116117,1
287707,0
298384,1
339981,1
332860,1
144746,1
7153,1
115868,1
290881,0
409674,0
258529,1
286783,1
370232,1
12418,1
2426,1
319755,1
302669,0
16749,1
261821,0
398958,1
182171,0
130752,0
2811,0
109110,1
282488,1
284296,1
33159,1
165306,0
166067,1
235331,1
236620,0
7638,0
164355,0
355086,1
94985,0
347758,1
189937,1
42433,1
335181,0
251256,1
329228,1
367470,1
400596,1
300930,1
164502,1
79258,1
368679,0
4193,0
389800,1
177652,1
184485,0
28136,1
173736,0
144702,1
31656,0
277995,1
19032,0
325377,1
285139,1
289790,0
330956,1
363847,0
375272,0
306147,1
103260,1
218178,1
351204,0
20513,0
288674,0
44797,0
82875,1
232378,1
282776,1
285824,1
7876,0
306894,1
361430,1
138214,1
303312,0
150544,1
123252,1
333797,0
376547,0
5048,1
390919,1
363053,0
120079,1
323700,0
333592,1
43821,0
150214,1
231476,1
281016,1
10030,1
152818,1
202721,0
1424,1
308811,0
192723,1
29939,1
318190,1
285006,1
29614,1
8807,1
29440,1
43125,1
45174,1
379309,1
299543,1
207288,0
387224,0
91339,1
308395,1
346357,1
322726,0
169150,0
33553,0
43104,1
268765,0
394410,1
75043,0
251227,0
299891,0
147235,1
359317,1
29678,0
232254,1
274315,1
186864,1
326534,1
158052,0
367747,1
127038,0
83500,1
167240,1
249999,0
346983,1
136401,0
45635,1
41210,1
152782,1
389080,1
18823,0
122457,1
163363,1
355485,1
47813,1
61826,0
197245,1
287285,0
399048,1
109850,1
80385,1
394728,1
373539,1
326697,1
210281,1
183818,0
341849,0
107964,1
35441,0
261563,1
121535,1
52532,0
124133,0
315910,0
18984,1
116540,0
252269,0
34558,1
221500,0
324737,0
232299,1
86693,1
140026,1
126572,1
201171,0
136625,0
242588,0
35556,0
195095,1
240912,0
306675,1
112738,0
388373,0
177494,1
377715,1
399655,0
388193,0
336573,0
47417,1
19285,0
64262,1
356089,0
278747,0
188024,1
290010,0
119139,0
42913,0
111952,1
161495,0
361064,1
42630,0
67678,0
357961,0
327302,0
222135,1
218306,1
180089,1
122206,1
136153,1
89232,1
80022,1
393349,0
387346,0
201822,0
182268,0
342679,0
259428,1
194279,1
272710,0
252804,0
134306,0
112897,1
264455,1
89304,1
26621,0
161528,0
391798,1
329186,0
176575,1
337204,1
50029,0
220797,0
272904,1
143009,0
117592,1
248361,0
15269,1
10241,0
91358,1
80337,1
141397,1
67836,1
292456,1
408643,0
38687,1
298564,1
406972,1
184332,1
398256,1
108864,1
212911,1
54406,1
258935,0
25105,1
14947,0
385387,1
224299,0
148473,0
246153,0
320517,1
286133,0
331807,1
210104,1
20183,0
161842,1
332801,0
5639,1
353086,1
385500,0
117199,1
69115,0
352436,1
262326,1
345405,0
79649,0
60112,0
380,1
226943,0
75569,1
200612,1
401270,0
241616,1
16145,0
116275,1
326465,1
368697,0
126960,0
125561,1
182474,0
190362,1
400976,0
341515,1
301376,1
109629,1
271,1
124001,1
398854,1
113086,0
230465,1
76797,0
99603,1
236235,1
111482,1
64303,1
164609,1
25093,0
367298,1
342660,0
16732,0
234554,1
284036,0
238765,0
117079,0
392449,1
404229,1
292890,0
30601,0
113150,1
245091,0
377232,0
403380,0
260324,0
41132,1
141114,1
405590,1
95748,1
152594,1
172036,1
90426,0
165234,0
59913,1
227013,0
112690,1
99434,1
394569,0
87939,0
353264,0
138473,0
275223,1
72830,0
284614,0
241186,0
122284,1
87146,0
323849,0
108500,1
166930,1
249470,0
325262,0
215197,0
103387,0
391552,1
72146,0
21963,0
331367,1
403527,0
367821,1
131845,1
285463,1
166586,0
127643,0
67475,0
319044,0
128229,1
87577,1
127198,1
392153,0
298264,0
69509,0
119798,1
330361,0
252537,1
332509,0
87208,1
252078,1
273787,1
375897,1
217301,1
245588,1
11353,0
71944,0
254813,0
89431,0
380088,1
57603,0
361743,0
80995,1
208186,1
178205,1
60695,1
18603,0
601,1
55599,1
217288,0
288060,0
38011,1
237973,0
111086,1
167252,1
227371,1
396178,1
114596,0
339851,1
54196,0
246287,1
40850,0
328396,1
133006,0
351319,1
357857,1
293993,1
194585,1
131278,0
294066,1
69236,1
203898,1
405359,1
272312,0
385509,0
132208,0
410710,1
151323,1
366945,1
128783,1
228075,1
23662,1
122956,1
321145,1
231805,1
309206,1
48526,0
311099,0
323506,0
367057,0
44966,0
68274,1
179835,1
324862,1
340207,0
67246,1
343078,0
347891,1
137,1
166445,0
174720,1
200546,1
71292,1
146193,0
128008,1
14872,1
35304,0
117696,1
154452,1
37290,1
138836,1
120987,1
403677,0
252368,0
20269,0
393425,0
186192,1
375788,1
157348,1
268835,0
317558,0
388682,0
411015,0
409481,0
136962,1
108116,1
156600,1
95378,0
194131,1
329130,0
172521,0
264972,1
84859,1
14280,1
6964,1
58812,1
124536,1
282703,1
401922,1
36773,1
375626,0
73611,0
66343,1
286733,0
177386,1
165230,0
300157,0
41675,1
50144,1
323596,1
167424,1
344474,0
138440,0
60973,1
12159,1
31950,1
129626,0
362554,0
206169,0
83052,1
204389,1
295697,1
155258,1
214124,1
7823,0
161827,1
115013,0
308463,1
291820,0
248668,1
223056,1
290716,1
302878,1
230715,0
131444,0
42949,1
32968,0
116574,1
10259,0
89412,1
223498,0
320242,0
244327,1
87984,1
77893,0
12657,0
250988,1
393845,1
233176,0
45095,0
16818,0
363012,1
239313,1
179638,1
82813,1
55971,1
16941,1
397146,1
129208,1
178963,0
10480,1
221419,1
96973,0
276297,0
387777,1
135561,0
54,1
243402,1
117724,0
408508,1
244008,1
257155,0
385051,1
95751,1
146136,0
397365,1
245318,0
294557,1
408825,1
225009,0
21511,1
98432,1
302206,0
179818,1
6831,1
332970,0
365552,0
256716,0
73174,0
149121,0
178582,1
72322,0
261650,0
200229,1
402899,1
49716,1
147612,1
269561,0
330816,0
102162,1
251184,0
137403,0
148574,0
237895,1
286026,0
170231,0
338034,1
146010,0
311439,1
76940,1
120891,1
122441,1
212368,1
111506,0
323059,0
94808,0
259303,1
221057,0
97548,1
349269,1
52032,1
58888,1
106338,1
303139,0
303212,0
223592,0
256777,0
407851,1
120953,0
235567,0
201746,0
110206,1
65422,1
2451,0
184234,0
304359,1
244368,0
10108,0
139447,0
369745,0
228031,1
59022,1
3111,0
90954,0
256769,1
157419,0
43636,1
268934,0
45209,0
73746,0
255996,1
23602,1
228168,0
285138,1
54853,1
312267,0
363537,1
183845,1
220764,0
265902,1
221061,1
323807,0
199638,1
235923,0
115073,0
215560,0
211472,0
254906,0
373196,1
322899,1
97779,0
31515,0
365550,0
20134,0
407944,0
282941,1
77339,0
411271,1
266751,1
98753,0
303339,1
136473,1
35988,0
377802,1
182979,0
403391,1
60299,1
234809,1
372113,1
210000,1
99399,1
186400,1
338218,1
150698,1
48482,0
333786,1
85480,0
410349,1
244862,0
329145,1
411889,0
63652,1
325882,1
342494,0
376706,1
302725,1
278553,1
70180,0
302695,1
312210,1
95469,1
270735,0
262430,0
196246,1
33657,0
169349,1
85775,1
160610,1
236271,0
357958,1
369165,1
225150,0
215328,1
375188,0
329560,1
73290,0
231745,0
144988,1
68589,1
186917,1
278901,1
47905,0
351904,1
50221,1
277806,1
287124,1
287536,0
348749,0
235590,1
158370,1
373279,1
309485,0
168983,1
201140,1
335968,0
133747,1
257449,0
174082,0
80985,1
132070,1
249508,1
87995,0
355234,1
275510,1
408576,0
163585,1
1350,1
250414,1
185264,0
246288,1
331734,0
52545,1
111562,0
322226,1
286333,1
244380,1
125018,0
25502,0
169875,1
323353,0
367091,0
22358,0
272886,1
96560,1
370786,1
267413,0
234371,0
205741,1
166582,1
329418,1
86314,1
331968,1
194359,1
72047,0
113402,0
180757,1
221482,1
114116,0
55958,0
258160,0
330117,0
218839,0
201233,1
146155,0
322481,0
259903,0
114618,1
408881,1
76402,1
277434,0
198713,1
259677,1
171594,1
131641,1
187688,0
183416,0
62559,1
198472,1
53571,0
377073,1
235474,0
333458,1
226274,0
399184,1
172929,1
351126,0
83180,0
72570,0
204679,1
21823,1
356432,1
145901,1
229529,1
201969,1
90958,1
242455,0
105014,0
82197,1
346804,1
108945,0
366518,1
227531,1
404774,0
340545,0
393421,1
289504,1
66434,0
85736,0
133839,1
339621,0
50878,1
175557,1
147669,1
240989,1
144348,1
144320,0
296276,1
149998,1
114241,0
332703,1
295367,1
290890,1
119852,1
242336,0
3970,0
185225,1
411256,0
342597,1
108311,1
381736,1
213534,0
114155,0
69895,0
143871,1
146408,1
124002,0
216188,0
335083,0
188566,0
357546,1
183033,1
1805,0
260610,1
117632,1
36074,0
67737,0
142334,1
51630,1
297326,0
281912,1
132439,0
264053,1
201283,1
222895,1
363193,0
265798,0
384970,0
4520,1
306858,1
117253,1
140969,1
281048,1
318253,1
399649,0
29962,1
214112,1
6021,1
379091,1
242896,1
125684,0
95742,1
392981,0
177574,1
378008,1
214316,0
224379,1
76905,0
372075,1
356356,0
315367,1
334239,0
66315,0
211225,0
3338,1
296759,0
143130,0
273,1
64976,1
112789,0
23195,0
8669,0
200361,1
225918,1
13566,1
32794,1
388441,1
92509,1
356634,0
190208,1
92560,1
223621,0
55026,1
152977,0
297718,1
368362,0
138885,1
367126,0
161376,1
19880,0
216775,1
338270,0
223343,0
272764,1
274632,0
312869,1
222335,1
349184,0
220855,0
272361,1
99836,1
76624,1
79653,1
125631,1
277281,1
33807,1
236595,0
304242,0
355797,1
388232,1
28283,1
304174,1
215299,0
395462,0
296718,1
327081,0
284227,0
211171,1
300887,1
70308,0
74629,1
353662,0
222206,0
107715,0
2259,0
215886,0
406048,1
239019,1
326516,0
227746,1
290878,0
224185,0
399942,1
159411,0
117437,1
118423,0
83438,1
244447,0
25354,0
124395,0
293387,0
64066,1
115025,1
189102,1
304909,1
236729,0
368701,0
223798,0
203902,1
49750,1
373812,1
214769,1
1349,0
55137,1
327599,0
371202,0
393991,0
370573,1
68261,0
325341,0
131576,0
231922,0
200254,1
389472,1
149713,1
60193,1
309827,0
235090,0
319975,1
199817,0
407237,0
79242,1
156787,1
405532,1
270527,1
82776,1
340998,1
85981,0
29078,0
326622,1
404941,1
279282,0
175228,1
124221,1
402389,1
113985,0
105254,1
121599,1
56446,1
281443,1
256306,0
167856,1
124992,1
80215,1
74428,1
234227,0
120437,0
191841,1
319405,0
174093,1
3125,0
371985,1
229537,0
129025,0
252398,0
146185,0
237172,1
177642,1
222087,0
222112,0
160787,0
407469,1
408089,0
404619,0
124293,0
15857,1
269530,0
139448,1
291519,0
335722,0
189535,1
390653,0
199801,1
205353,1
295570,0
88169,0
82182,1
228105,0
154595,1
264559,1
67163,0
113087,1
42312,0
234285,1
403694,0
265479,1
170035,0
241435,0
411953,0
43738,1
159447,1
156556,0
158123,0
396022,1
211402,1
338967,1
402617,0
348165,1
192235,1
279450,1
216495,0
161882,1
406345,1
41863,1
208288,1
59058,1
366102,0
4788,0
228119,0
229132,0
313540,1
84056,1
72650,1
339517,1
125519,1
108679,1
241386,0
355463,0
205168,0
259883,1
84585,0
268302,0
59165,1
33554,0
235351,0
250821,1
346633,1
159801,0
356853,0
224566,0
271268,1
60278,1
286426,0
203249,1
394635,0
407481,0
196491,1
198110,1
355092,1
210482,0
60009,1
72464,1
382729,0
247985,0
97940,1
356083,0
266138,0
77555,0
48522,1
379633,0
100510,1
327909,1
244934,0
353154,1
153363,1
173832,0
262892,1
149437,0
46411,0
333649,0
218062,1
97272,1
192736,0
274314,1
357281,1
155485,1
227392,0
69528,1
364500,1
257933,0
274610,1
388017,1
26788,0
208782,1
45868,0
115986,1
181979,0
85831,0
62501,1
118233,0
125765,1
325322,0
75719,0
250676,1
225543,0
63113,1
45074,0
101895,1
24249,1
164473,1
27527,1
160925,0
12242,0
260925,1
314220,0
212050,1
201963,0
328998,0
140498,0
60621,1
271579,0
349560,0
259282,0
97767,0
333509,1
193649,0
214164,0
148668,0
362696,1
23128,1
18565,1
94150,0
395010,1
71359,1
54344,1
16361,1
42308,0
314737,1
222840,0
294569,1
286267,0
343440,0
263662,1
339334,0
252306,0
302080,0
294005,1
153500,0
380113,0
346308,1
25710,0
383943,1
53104,0
31810,0
870,0
320435,1
274441,0
154099,1
304554,0
176437,1
229198,0
94261,1
301881,1
202203,1
25970,1
266022,1
82023,1
411872,0
393243,1
377957,0
157973,1
66745,0
368141,0
176705,1
41966,1
142263,1
106334,1
221879,1
236009,1
65755,1
329559,1
36633,1
270787,0
249505,0
215624,1
21846,1
46607,0
117094,0
340966,1
396281,1
161326,1
50609,1
27691,1
307214,1
156874,0
268120,0
13982,1
99257,0
228333,0
408813,1
24205,1
194563,1
380790,0
96023,1
41668,1
194922,0
201476,0
48141,1
257798,1
263720,0
211896,0
3193,0
293557,1
322599,0
311690,1
148444,0
407823,1
321258,0
155107,1
65922,0
317806,0
307715,1
342849,0
283394,1
215040,1
151450,1
270418,1
223007,1
96515,1
325206,1
258434,1
376147,1
65032,0
191062,1
140675,0
165322,0
337524,1
236680,1
294096,1
87875,0
95355,1
104864,0
386192,1
24755,1
343657,0
220612,1
347638,1
180237,0
104733,1
317848,0
351789,0
19759,0
60076,1
269759,0
265342,1
366353,1
275693,0
28831,0
298064,0
166305,1
255593,1
225088,0
293944,1
27036,0
234349,1
186772,1
222681,0
41178,1
51528,0
25303,1
353200,1
31648,1
137705,1
203948,0
119702,1
176440,0
195781,0
41693,1
5174,1
347986,1
393753,1
337131,1
54363,0
204606,0
280315,1
176800,1
240724,0
152961,1
395950,1
311290,0
239337,1
289197,1
255034,1
270923,0
352348,1
141561,1
395049,0
160025,0
93904,0
115272,1
383143,1
50754,1
145010,1
391727,1
324820,1
117754,0
218050,0
301219,1
246875,1
34179,0
80060,0
325939,0
224202,1
80533,0
19516,0
177777,0
193801,0
367626,1
7155,1
144135,1
219770,0
262516,1
8714,0
293406,1
271694,1
343506,0
178537,0
45357,0
278412,1
11091,0
70560,0
260359,1
43228,1
243369,0
248278,1
159371,0
11431,1
201605,0
251683,0
381907,1
290986,1
235486,0
388208,0
17752,0
294590,0
270254,1
184267,0
236653,0
186726,1
56838,1
222215,1
131843,0
118951,0
276843,0
399388,0
24952,1
388818,0
283363,0
81566,1
226923,0
41983,1
370583,1
72472,1
16570,0
290223,1
405813,1
196980,1
322233,1
351208,0
40090,1
34849,0
138246,1
227879,0
77682,1
386235,1
224340,0
341312,1
39892,1
231233,0
170576,0
86644,1
355713,1
273016,1
363077,1
37339,1
337473,0
375627,0
397340,0
109864,1
220879,0
290126,1
110488,1
35840,0
325932,1
349084,1
218332,1
371660,1
254961,0
172222,0
162529,1
409578,0
411124,0
298876,0
224558,1
292883,1
305159,0
389283,0
282861,0
201547,0
128698,0
112368,0
78763,1
32236,1
299090,1
58476,0
105529,0
45705,0
85978,1
230266,0
16208,1
377492,1
157624,0
67774,0
177750,1
113474,1
86490,1
268456,1
283109,1
171945,0
62036,1
272826,0
203622,1
168538,0
286464,1
326972,1
267940,0
28586,1
73170,1
82514,1
273856,1
191923,1
344723,0
70728,1
245582,1
112756,0
404337,0
325162,0
114460,0
124362,0
114075,0
150169,1
36166,0
177399,1
176509,1
33594,0
173418,0
75939,0
49775,1
123096,0
399341,0
223510,0
177284,1
242788,0
123199,1
228609,0
37392,0
265316,1
157979,1
382546,1
13763,0
379129,0
156994,1
52322,0
217448,1
390991,1
125898,1
114322,0
246087,0
229812,1
342932,1
215135,1
250276,0
295716,1
100419,0
154719,0
220177,1
142591,1
186664,1
142799,0
100240,1
404461,1
332456,1
234494,0
3894,1
220956,0
195925,1
254990,0
96225,1
92125,0
53805,0
159506,0
122586,0
354975,0
32969,0
267585,1
12228,0
119842,0
408761,0
77570,1
45602,0
253854,1
254843,0
71891,0
137072,0
25766,0
3514,1
20425,1
128209,1
149712,1
387350,0
36354,0
203069,0
90620,1
44839,1
165532,1
105343,1
391160,1
119855,1
397306,1
73201,0
100648,1
141309,1
52726,1
263467,1
5622,0
177524,1
187527,1
118094,0
246009,0
140412,1
299743,1
624,1
172402,1
388655,1
307502,1
344947,0
14544,0
398729,1
84852,0
401400,0
151505,1
251753,1
202222,0
396875,1
318964,0
342132,1
20685,1
223726,1
234438,0
181869,0
406945,0
186354,0
156635,0
106697,1
31412,1
385603,1
272954,0
35311,0
190587,1
189302,0
108484,1
233045,1
235543,0
138794,0
28745,1
271098,1
5541,0
300477,1
379914,1
279101,1
304131,0
342874,0
305388,1
83537,0
108879,1
251528,1
172211,0
114464,0
284350,1
164597,0
57446,0
174005,1
234283,1
73518,0
169169,1
48752,1
265931,1
53005,0
174723,0
132992,1
375151,0
141941,0
316152,1
227743,0
18179,1
75632,1
304132,0
341337,0
220848,0
348242,1
176694,1
327358,1
273942,1
129919,1
61480,1
24090,0
67139,1
73211,0
241225,0
189420,1
23009,1
305259,1
236535,0
349280,1
173277,1
286858,1
76991,0
408988,1
147135,0
276655,0
98117,1
167351,0
84540,1
294165,1
309645,1
123282,0
87547,0
226827,1
405634,0
401948,1
172602,0
37793,1
366587,0
120072,1
318954,1
239782,0
94766,0
363175,0
383860,1
130850,1
319327,0
49533,0
148588,0
291495,1
20622,1
119943,1
176228,1
160660,0
145889,0
194164,0
387280,0
51936,1
205913,1
125417,1
276749,0
149773,1
135782,1
47369,1
93618,1
272278,0
54455,0
105072,0
130036,1
218672,1
319120,0
274256,1
300246,1
145788,0
256879,0
19532,0
334449,1
219472,1
52831,0
382365,1
231363,1
191548,0
207162,1
78025,0
199468,1
263940,0
122790,1
382614,1
376648,1
86088,0
346981,1
288836,0
26497,1
369319,1
119111,1
34185,0
240778,0
2816,1
395253,1
279075,0
404741,0
405601,0
268028,0
118800,1
45503,0
106701,1
202021,0
408644,0
117832,0
239007,1
24041,0
146003,0
174498,0
395039,1
178523,1
236314,0
345747,0
208094,1
39197,1
282603,1
302430,0
206472,1
176161,0
247203,0
126550,0
398191,0
383896,0
109938,1
14108,1
369966,1
75022,1
169638,0
30976,1
175061,0
327339,0
216274,1
321281,0
164085,0
203555,1
363041,1
262303,1
266390,1
179182,0
262722,0
103172,0
118810,1
327130,0
35699,0
52621,1
3928,0
391667,1
26134,0
408429,1
300296,1
291386,1
220922,0
190235,1
86220,0
255777,0
254890,0
240688,0
150179,1
309270,0
112650,1
140711,1
295060,1
32110,0
353912,1
141898,1
351899,0
158653,0
300416,0
104183,0
274729,1
28619,1
364434,0
218444,1
113537,0
266436,1
396015,1
205457,0
231979,0
342813,1
117869,0
227416,0
213622,0
137587,0
272282,0
199512,1
9106,0
75998,1
182029,1
286888,0
189553,1
221726,1
220049,0
51057,1
410857,1
295690,1
101884,1
8445,0
384867,1
87908,1
376316,0
172848,1
28088,1
159496,1
136356,1
78344,1
176421,1
27681,0
222704,1
84333,1
114672,0
197547,1
359371,1
235008,1
72624,0
163913,1
204990,1
348976,1
114713,0
100149,0
224453,1
296746,1
298299,0
72862,0
271533,1
156471,0
77810,1
105923,1
344776,1
140715,1
24278,1
201633,0
91173,1
55826,1
181848,0
141202,0
388077,1
244663,1
127823,1
141930,0
359384,1
33483,0
244161,1
321468,1
43902,1
37103,0
380678,0
61082,1
255943,1
323840,0
5158,1
23236,0
380894,1
93793,1
218596,0
192762,1
298587,1
48894,0
209832,1
229375,1
303316,1
30704,0
296481,0
3146,0
193567,1
204204,1
147835,1
275106,0
163577,1
285360,0
124434,0
43681,0
186809,1
150529,1
342709,1
276452,1
211204,1
174390,1
297194,1
351158,0
195034,0
38946,1
83635,1
395271,1
283133,0
228730,1
232056,1
167436,1
33525,0
217051,1
360186,1
343400,0
259350,0
244872,0
339698,0
236269,1
165881,1
217867,0
272038,0
240726,0
116267,1
205726,1
199540,1
204480,0
137274,1
221551,0
379894,1
257972,0
298010,1
193837,1
301667,0
353947,1
87298,1
378258,0
97713,0
61497,0
360606,1
9169,0
47241,1
87195,1
11836,1
196838,0
44962,0
325677,0
331307,1
82374,0
228353,0
169628,1
181505,0
154859,0
332502,1
39554,1
304549,0
307270,1
343406,0
119575,1
410744,0
148859,0
217991,1
10698,1
354935,0
220657,0
264768,1
102641,1
120627,0
361045,1
390906,0
311566,0
334363,0
33325,0
290052,1
34011,1
7120,0
388536,1
76977,0
222932,0
16898,0
331480,1
36176,0
22755,0
308653,0
43656,0
89553,1
271846,0
390050,0
102687,1
29292,1
364495,1
101722,0
49362,1
233355,1
19760,0
152361,1
332731,1
189965,1
278952,1
15175,1
224913,1
316000,0
130105,0
319935,0
382856,1
188294,1
118545,1
87380,0
341876,0
1138,0
121210,1
334334,0
191046,1
226744,1
100025,1
80994,0
207393,1
311088,1
189581,1
101833,0
247721,1
295950,0
1418,0
406206,0
94040,1
249055,1
192035,1
156230,0
359472,1
9029,0
8943,0
137501,0
186631,1
206134,0
133317,1
393369,1
88540,0
225057,0
164813,0
146127,1
133740,0
290681,1
48151,0
374510,1
128487,0
409213,0
70115,0
359422,1
61494,0
115654,1
67133,1
368373,0
111302,0
255546,0
27144,0
266450,0
312778,0
187257,1
131600,1
122557,0
355189,1
295931,1
403511,0
235146,1
381336,1
4203,0
8070,1
304743,0
88353,1
130057,1
383268,0
254587,0
237855,0
411852,0
285081,1
383235,0
260490,1
322621,0
271890,1
356955,1
260780,1
259725,0
312288,1
114450,0
276681,0
137043,0
349851,1
310249,1
82868,1
363508,1
50804,1
22848,0
189043,1
263466,1
315868,0
351790,0
284299,1
201581,0
345182,0
126399,0
368359,0
230538,1
311396,0
167355,0
313351,1
286644,1
68320,0
311640,0
78031,1
391822,0
238738,0
264605,1
304505,1
49165,1
368142,0
198449,0
131631,0
236090,1
196425,0
172562,1
266805,0
257897,0
116890,1
256484,0
190062,1
374268,0
120915,0
323566,0
36451,0
366096,0
127311,1
66339,1
267064,0
123381,1
72465,1
149865,1
317103,0
19731,0
352442,1
24924,1
129689,0
8019,1
318379,1
16042,1
181439,0
361208,1
82769,0
274656,0
58773,1
311618,0
93911,0
139203,0
75508,1
370592,0
236973,1
118484,1
147783,1
10086,0
211709,1
274169,1
351338,1
394727,1
259120,1
408181,1
214141,1
411312,0
186620,1
69322,0
271634,1
145948,0
396170,1
25342,0
81539,0
410041,0
144299,1
249223,0
295552,0
404161,1
9936,1
16661,0
84996,1
9218,1
342678,0
184920,0
399557,0
172348,1
269023,0
288168,1
223513,1
297087,1
235132,1
119864,0
278089,0
241848,0
170200,1
235298,1
24608,0
134149,1
376174,1
128277,1
331510,0
155673,0
55262,1
237618,1
86362,0
313927,0
360866,1
166132,1
46091,0
381203,0
357920,0
127376,0
106452,0
15577,1
296468,1
34610,1
389991,1
166248,0
147597,1
134410,1
151861,1
302268,0
315870,0
6984,0
269844,1
12833,1
29219,1
231147,0
192280,1
28600,1
40442,0
279803,1
273540,0
138083,1
139640,0
22075,0
403552,0
226898,0
226743,0
254736,1
385351,1
404302,0
214372,1
314241,1
334987,1
358362,1
269640,1
71814,0
43599,0
36260,0
327485,1
84699,0
166645,0
315674,0
42052,1
8832,0
341707,1
292203,0
409167,0
309733,1
45768,1
57527,0
284059,1
140129,0
58980,1
268805,0
245362,0
245635,0
141545,1
73607,0
314197,1
318895,0
319162,0
88651,0
366501,1
270684,1
304129,0
367782,0
309099,1
261652,0
375213,0
181220,1
354158,1
206322,1
193041,1
105581,1
298595,1
291433,1
131089,0
401599,1
7099,1
223670,0
239011,0
18083,1
35640,0
380663,0
68811,0
396136,0
179073,0
44329,0
323493,0
184521,1
75185,1
267518,0
129518,1
129236,0
197864,1
355369,1
389523,1
254914,0
363022,1
207672,0
374984,1
252176,0
79174,1
225113,0
226946,0
218488,1
70110,0
243348,1
8002,1
233540,1
250128,1
86462,1
32374,0
353859,0
198595,0
300677,0
387751,0
305263,1
214168,1
64765,0
292445,1
214628,1
275173,0
80191,1
374668,1
56126,1
232642,0
397004,1
320401,1
122375,0
159919,1
193654,1
34701,1
9959,1
43420,1
68474,1
211207,1
384487,1
290539,1
78065,0
51181,1
39941,1
397294,0
53318,0
356901,1
45212,1
23858,1
216305,1
155806,0
298273,1
365485,1
300090,1
265978,1
312565,0
123617,1
411949,0
199246,1
201866,0
3769,1
340304,1
237917,1
22311,1
142347,1
17552,0
251551,1
103520,1
278855,1
16265,1
58811,0
265064,1
208638,1
317387,1
261334,0
134215,1
301628,1
13237,0
254552,1
256762,1
241525,1
96911,1
153851,1
196642,0
3703,0
196252,0
277098,0
273043,1
1204,0
72298,1
211634,1
384816,0
16415,0
159013,0
98164,1
7750,0
61564,0
25908,0
232276,1
220910,0
27703,1
30902,0
311160,0
226247,0
223683,0
205482,0
381677,1
320438,0
395068,0
205526,1
401245,1
79415,0
114380,0
306652,1
196761,1
400543,1
218938,0
114504,0
301864,1
292447,1
110969,1
121881,1
259473,1
144879,0
111522,0
163000,1
28094,1
362791,1
402287,0
300263,0
341759,1
40156,0
285465,1
143105,1
57260,0
394973,1
254908,0
101018,1
111471,1
182667,1
143686,1
182482,0
270738,1
89139,1
280494,1
100384,0
151659,1
356716,0
399090,1
2920,0
119727,0
304296,0
144169,1
166585,0
42288,0
61553,1
202247,0
277110,1
79291,1
349091,0
149730,1
175479,1
117081,0
372138,1
206788,1
228458,0
210494,1
180395,0
40356,1
275923,1
283383,1
62681,0
323968,0
251488,0
167932,0
217727,0
346012,1
83390,1
53963,0
124848,1
201465,0
142235,1
119777,0
371022,1
354703,0
411393,0
250377,0
49206,1
292105,0
286985,0
311046,0
43339,0
171428,1
114363,0
212334,1
311092,0
145286,1
393590,1
16049,0
364382,0
57300,0
32434,1
117209,1
263682,0
300305,1
39365,1
31138,1
325924,0
206393,1
405464,0
362992,1
401633,0
231647,0
159392,0
37735,1
275842,0
162753,1
206546,1
133629,1
77831,0
256742,1
298836,1
110965,1
40010,0
147395,0
83196,0
123316,0
201771,0
83007,0
56832,0
80668,1
74080,1
60105,1
106778,1
385486,0
250856,1
151209,1
34036,1
190801,1
366163,1
23010,0
131437,0
135513,1
96932,1
15305,1
361879,1
20415,1
137385,1
343623,1
170342,1
380378,0
138606,1
234579,1
160287,1
325035,1
57550,1
107960,0
52442,1
265327,1
87402,0
379681,1
245544,0
252182,0
193063,1
341363,0
205039,0
313836,0
380344,0
303581,0
375594,0
181590,1
339267,1
32253,1
237451,0
334892,0
378054,0
153775,0
411583,0
270989,0
48882,0
392986,1
41479,1
121932,1
248519,0
220936,0
51731,1
220147,0
199289,1
238679,0
58513,0
286153,0
38812,0
383162,1
263693,0
97376,1
43566,1
155913,0
28233,1
314702,1
319003,1
101671,1
226000,1
171407,1
405904,1
271326,1
44686,0
289949,0
302057,0
26794,0
7533,1
192228,0
111872,1
320073,0
404000,1
45632,0
373519,0
23744,1
177826,1
284327,1
286869,0
94130,1
411921,0
27723,1
56661,1
295024,1
348117,1
272499,0
168777,1
331375,1
52104,1
313592,1
325388,0
91067,1
165206,1
404526,0
233126,0
94679,0
288671,0
139706,1
346791,1
310795,0
11073,1
131274,0
38897,0
51762,1
166670,1
80594,1
6432,1
364011,0
181755,0
51380,0
162405,0
201887,0
317293,1
250987,0
104429,1
34124,1
190983,1
304261,1
137558,0
70451,0
360455,1
125297,0
395683,1
367887,1
266644,0
130263,0
219886,0
121090,0
182596,1
81327,1
86670,1
248267,1
228111,0
250924,1
220387,1
284494,0
281109,1
118445,1
194264,1
22147,0
328167,1
78851,1
34291,1
281930,1
51977,1
198936,1
319291,1
30234,1
80218,1
2751,0
293773,1
104406,1
370585,0
298141,1
373565,0
213300,1
77527,1
310600,0
367963,0
134849,0
251463,1
12206,1
249362,1
397972,0
165546,1
134397,0
58956,0
403987,0
354017,0
157506,0
199703,1
22062,0
363264,1
226342,0
260471,1
82208,0
292383,1
266745,0
294124,1
2793,1
132290,0
258633,0
199271,1
217741,0
67676,0
396061,1
264413,1
349374,0
253395,0
377680,1
376402,1
388069,1
239911,1
15334,0
351810,0
127517,1
266790,0
393306,1
36277,0
229553,1
382845,1
405858,0
120646,0
350743,0
379496,0
212573,1
242527,0
104916,0
44171,0
235635,0
354015,0
37739,1
18131,1
134304,1
262308,1
234268,1
271636,1
409891,1
295915,1
330818,1
380890,1
242730,1
158025,0
45188,0
235874,0
279314,1
229436,0
149494,0
185788,1
248282,1
214328,0
272037,1
21942,0
276805,0
48749,0
221663,0
115217,0
182229,0
285027,1
348521,1
241744,0
159460,1
64055,1
236233,0
352804,1
364173,0
169580,0
266752,0
4579,0
372783,0
249904,1
62319,1
149254,0
132486,1
25623,1
175733,1
279106,1
87343,0
125411,0
281174,0
229946,1
151458,1
25886,0
353690,1
254892,1
99519,1
385000,0
391345,1
228122,1
195297,1
92065,1
120741,0
354649,0
357100,1
139215,0
272472,0
125566,0
76093,1
143127,1
221423,1
237183,1
244651,1
215422,0
227402,0
390017,1
187237,1
254828,0
315625,0
331528,1
55931,1
387025,1
291728,0
365998,1
8179,1
202271,0
263949,0
244837,0
30285,0
352809,1
119642,0
354875,0
14768,1
411205,0
30826,1
411963,1
2903,0
204033,1
147445,0
33515,0
386384,1
201591,0
141581,0
127255,1
106361,1
102791,1
208702,0
359569,1
103437,0
197151,1
403436,0
352218,1
367737,1
164322,1
127897,0
157898,0
13617,1
12552,1
51170,1
95437,1
114434,0
387660,1
151125,1
203062,1
165067,0
214218,0
9102,0
237953,0
388925,1
393558,0
399643,0
8405,0
225123,0
401636,1
133482,0
212358,1
370026,1
125766,1
320,1
367966,0
399457,0
303367,0
30145,1
122260,0
334606,1
314758,1
296231,1
61084,1
404688,1
229144,0
228903,0
376112,1
164863,1
387222,0
13706,0
410778,1
242340,0
57265,1
314178,0
305933,1
4848,1
281328,1
304522,0
114470,0
399759,0
245336,0
334140,1
162092,1
243735,1
147969,0
333825,0
27037,1
19796,1
117268,1
153015,0
45419,0
80134,1
192069,0
175225,1
213428,0
90368,1
286802,1
344107,0
248455,1
391587,1
349869,1
196132,1
2025,0
106842,0
155204,0
52530,1
89567,1
298669,0
176350,1
13188,0
156477,0
184352,0
215973,0
189695,1
136485,0
126484,1
345783,1
122511,0
239645,1
96713,0
18021,0
410162,0
240719,0
6078,0
78723,0
287025,1
127996,1
161155,1
197048,0
379329,1
379683,0
377097,1
255620,0
158043,1
216597,1
145693,1
156985,0
318832,0
255748,0
311206,0
35705,0
62187,1
87982,0
370619,0
226263,0
143820,1
212547,1
147242,1
229345,1
410843,1
338768,1
97374,1
221282,1
25397,1
67150,0
312896,1
287516,1
392015,1
300207,1
32795,1
289865,0
51363,1
123234,0
112473,1
6744,1
303047,1
75976,1
45748,1
355857,1
285995,0
144364,1
96958,1
28920,0
76235,0
210200,1
231191,1
391352,1
363411,0
339452,0
154675,1
34959,0
148214,0
75078,1
410260,0
196580,1
261420,1
358011,1
132713,1
256621,1
289768,1
302354,0
85673,0
186580,1
204592,0
406887,0
264919,0
232148,0
14092,1
337460,1
121281,1
150644,1
408987,0
399813,1
350127,1
130698,0
287599,1
227846,0
199792,1
36148,0
409447,0
389911,1
349755,1
269937,0
192956,1
88519,0
269740,0
51223,1
256104,1
165150,0
43246,0
392715,1
22361,1
214149,0
350522,1
392509,0
9010,0
4156,1
311845,1
383399,0
201897,0
237894,0
73214,0
246585,1
374469,1
189868,1
278334,0
151721,1
51353,1
275475,1
316417,0
130081,1
73496,0
254199,1
402582,1
151038,1
368996,1
347590,1
307436,1
390023,1
60213,0
293244,1
105016,0
340472,1
320228,1
267618,0
77643,1
255472,0
9996,0
403221,0
22209,0
169295,0
161810,0
262793,0
348621,1
39959,1
315322,1
381326,1
25624,0
169721,1
5285,1
225943,1
380655,1
335806,1
126069,0
342917,0
27923,0
150431,1
231842,1
113852,1
32488,0
167330,0
309068,0
123093,0
189567,1
240276,1
399641,0
372157,1
298896,1
352337,1
66849,0
383072,0
366628,0
189014,1
114506,0
267683,0
73295,0
132687,0
349233,0
215238,1
290047,0
192649,0
65668,1
266721,0
199309,0
336410,0
29385,0
110793,1
86066,1
167406,1
20892,1
254895,0
406790,1
87889,1
344848,0
130984,0
347679,1
73808,0
346058,1
392313,0
242669,1
117849,1
4076,0
404096,1
267451,1
236407,0
159104,1
4166,0
184621,0
64951,1
104433,1
380943,1
287627,0
343021,1
90003,1
260039,1
250485,1
245718,1
73995,0
206937,1
206727,1
242717,1
407031,0
59329,1
182593,1
49588,0
30178,0
18206,0
89940,1
214537,0
286801,1
163578,1
106262,1
318398,0
398176,0
395269,0
268947,0
61406,0
335534,1
35859,0
14759,1
27744,0
45410,0
258337,0
222803,0
54530,1
248772,1
388246,1
364586,1
297886,0
396639,0
52300,1
36323,0
20420,0
364132,0
252250,0
170811,1
128513,0
70463,1
316238,0
197909,1
174791,1
5645,0
342588,0
226078,0
185764,1
386526,1
223107,0
163798,0
350924,0
353785,1
97066,1
94843,0
84598,0
115412,1
266728,1
129584,0
107229,1
273638,0
74572,0
119715,0
292229,1
73109,0
330240,0
135613,1
368526,1
192465,1
175119,0
246148,0
322314,1
135361,0
407074,1
219222,0
262125,1
95416,1
262235,1
345705,0
257660,0
190465,1
361564,1
78503,1
237521,0
275087,1
171188,0
349512,1
369594,1
296322,0
381998,0
25946,1
37463,0
155122,0
676,0
233892,1
98069,1
263444,1
13849,1
317595,1
37833,1
218505,0
158207,0
378780,1
268444,1
91420,1
262502,0
156964,0
389880,0
379957,1
187396,1
253567,0
129507,1
41372,1
306418,1
389055,1
349485,1
225319,0
50184,1
255527,0
162338,1
109484,0
382187,1
63444,1
230069,1
13983,1
194560,1
304863,1
217240,0
5977,1
277725,1
94667,1
294917,1
117016,0
41576,1
18918,1
100248,0
198037,1
2487,1
110334,1
196210,1
320798,0
334963,1
21933,0
320772,0
162625,0
104978,1
66391,1
226145,1
163830,1
340025,0
409893,1
55946,1
297501,1
346382,1
247005,1
377933,1
220352,1
267385,0
35601,0
114873,0
250823,1
61295,1
309889,0
165511,1
226997,1
239664,1
323829,0
334322,0
19024,1
329699,1
94502,0
54812,1
171115,0
344022,1
404784,0
325776,0
236929,1
138733,1
1315,1
304857,1
317787,0
332590,0
287790,1
170154,0
248306,1
241610,1
219426,1
295422,1
386670,1
334230,0
239823,0
60191,0
155825,0
35532,0
4905,1
201700,1
180595,1
172711,1
98990,0
126340,1
240446,0
185071,0
281003,0
381412,0
405895,1
24865,1
371554,1
36877,0
326138,1
183716,0
399930,0
157823,1
247110,0
291958,1
223143,0
269426,1
290568,0
319116,0
327595,1
227662,0
238647,1
147502,0
365546,0
165032,0
18596,0
59122,0
341727,1
228744,1
358422,1
227690,0
175123,0
210843,1
57430,1
336193,0
275772,1
385449,1
388068,1
20447,0
59043,0
124127,1
333832,0
94949,1
165831,1
104989,0
192137,0
348804,1
396378,1
73360,1
394929,0
146188,1
88925,0
231825,1
239097,1
323330,0
216434,1
27303,1
200043,0
410476,1
145634,1
131684,1
185895,1
110182,1
20574,0
200712,1
265088,0
216378,1
363313,1
211812,1
286144,0
183003,0
4809,1
26812,0
301799,0
162961,1
320677,0
263671,1
255069,1
47726,0
23983,1
267424,0
241951,1
115099,1
49061,1
216398,1
409110,0
107105,1
333905,0
376657,1
402270,0
221922,1
153269,1
133823,0
22422,0
408522,0
352879,0
31362,1
39094,1
288751,0
151233,1
384945,1
296774,0
363346,0
166111,1
85153,0
212202,1
169286,0
78850,0
282765,1
412018,0
386669,1
351779,1
214368,1
311541,0
368621,0
70659,1
98735,1
87197,1
203333,1
294998,0
182083,0
335950,1
137015,0
45459,0
220680,0
212969,1
403633,1
46979,0
319511,0
354454,1
249191,0
84882,1
192887,1
407534,1
95204,1
286289,0
283361,1
162227,1
347479,1
137604,0
112411,0
356078,0
11513,1
72987,0
260280,1
201313,0
123338,0
73080,1
71703,1
288494,1
191972,1
130019,0
305095,0
168437,1
255805,0
306711,1
360822,1
294930,0
199603,1
240415,0
256979,1
117033,0
353071,1
28208,1
406876,0
167548,1
200268,1
258690,1
227571,1
156819,1
118266,0
158985,1
2973,0
285890,0
60506,0
56962,0
94231,0
346377,1
404537,1
114824,0
303536,0
36776,0
168581,0
186419,1
113577,1
330129,1
174212,1
308862,0
93827,1
43479,1
247578,1
162927,1
165089,1
245938,1
224337,0
223935,0
26213,1
16448,1
136073,1
369604,0
254634,1
215413,0
389888,0
227672,1
64884,1
225397,0
200713,1
173697,0
320821,0
209796,0
380173,0
18828,0
48613,1
214723,1
317122,1
180430,1
131818,0
289985,0
27173,0
124322,1
152421,1
402020,1
325830,0
33180,0
212124,0
75337,1
317720,0
74128,1
297266,1
109847,1
332305,0
175309,0
371473,0
134610,0
343855,1
141974,1
301535,1
311531,0
390160,0
226271,0
164187,1
129824,0
149377,0
385731,1
7771,1
237980,0
162103,0
391022,0
193223,0
182138,0
266,1
359182,1
327105,0
264444,0
181730,0
130314,0
298131,1
320906,0
230383,0
86572,0
44058,1
327735,1
20433,0
127640,0
13821,1
152232,1
300311,1
381221,0
216010,1
308536,0
376515,1
62868,0
48853,0
325715,0
184794,1
264165,1
393833,1
87316,1
247993,1
220974,0
16280,0
203222,1
137535,0
163106,1
230407,1
45110,0
45709,0
365475,1
155478,1
225416,1
254651,0
406810,0
25628,1
371900,0
282710,1
190506,1
79898,1
325017,1
2,1
174441,1
160408,1
349785,1
123883,0
153027,0
190686,1
192560,0
338757,1
278056,0
176755,1
187899,1
239475,1
368119,0
138124,1
81886,1
198556,1
224274,0
121005,1
158681,0
77614,1
213431,0
285042,0
203221,0
19565,1
265174,1
169600,0
180854,1
324913,0
6953,0
34955,1
27054,0
351809,1
356145,0
401091,1
327318,1
206631,1
389192,0
24068,1
62917,0
405979,1
21639,1
271256,1
337200,1
145160,1
89815,1
31675,0
195497,1
263902,0
399125,0
380770,0
44635,1
237915,0
328318,0
164244,1
256174,0
229176,0
411868,0
156083,0
213083,0
114150,0
25611,0
87416,0
368151,0
22530,0
394911,1
341595,0
178906,0
341671,0
228142,0
216363,1
361531,1
1843,0
17490,0
46375,0
17223,1
248744,1
192469,1
350409,1
356572,1
335520,1
319136,0
107808,0
166455,1
357434,1
221444,1
48598,1
141877,1
34737,0
257285,1
378605,1
307599,1
114858,1
173002,1
119436,1
319370,0
184702,1
232088,0
182460,0
346234,1
145972,0
371834,0
103686,1
230326,1
284100,0
258510,1
201781,0
259136,0
240628,1
46668,1
308720,0
277522,1
73721,1
102111,1
258979,1
49343,0
304440,0
316139,0
122100,1
175256,0
61754,1
359816,1
37861,1
384548,0
344696,1
204859,0
26847,1
24242,1
36412,0
153073,0
360325,1
25567,1
272824,0
290538,0
188233,1
130710,0
80960,0
145241,1
254462,0
259552,0
312581,1
42485,0
154006,1
379353,1
119348,0
175443,1
377931,1
208830,1
57334,0
132737,1
250613,1
49714,1
411056,0
147020,1
117747,1
36948,0
350453,1
80339,1
38853,1
31537,0
59418,0
178956,0
3009,1
248380,1
139766,1
258787,1
94021,0
290621,1
243839,1
263242,1
330883,1
366264,0
284720,1
3042,0
230319,1
6315,0
9496,1
243523,0
351153,1
235804,1
164593,1
255210,0
338116,0
269382,1
303572,0
121975,0
338442,1
167303,1
114697,0
278419,1
90595,0
21964,0
244707,0
160050,0
241909,0
116480,0
16903,1
310457,1
123904,1
94958,1
170978,1
340163,0
44567,0
248426,1
335373,0
116502,1
107757,0
250383,0
194269,0
300701,0
13510,1
350874,1
209634,1
21889,0
5821,0
33135,0
65962,1
270123,1
89880,1
246925,1
327710,0
382603,1
219915,0
136234,1
312748,1
45407,0
223860,1
248628,0
71109,1
98953,0
289998,0
216031,0
123944,0
299910,0
158611,0
266927,0
35494,0
124120,1
360681,1
91184,1
85896,1
77315,1
381210,0
303881,1
43237,1
138966,1
125490,0
173640,1
54325,1
302820,0
208811,1
6404,1
24885,1
190666,1
262648,0
230874,1
280709,0
26660,1
329041,1
334668,1
68433,0
405887,0
199994,1
305144,0
401101,1
143284,1
304460,1
91127,0
326447,1
103977,1
394847,0
30508,1
244427,1
83339,1
332232,1
252502,0
174786,0
307658,1
80074,1
404247,0
213937,0
51616,1
148354,1
315769,1
225142,0
32356,0
201531,1
130730,0
62736,0
360399,0
317949,1
120461,0
188952,1
189697,1
103440,0
81989,1
76528,1
381045,0
329858,1
178165,1
68998,1
363220,0
41114,1
281127,1
502,1
18366,0
79184,1
234047,1
135518,1
156808,0
124038,0
209507,0
266975,0
130159,1
248255,1
216158,1
310137,0
365173,1
223338,0
40742,1
241490,1
220532,0
372303,0
36405,0
403711,1
295284,1
43315,1
374063,0
211037,0
155641,0
1513,0
142945,1
284643,1
193035,1
352010,1
391139,1
188919,1
78137,1
358185,1
153754,0
315385,1
109528,1
321245,1
101901,1
247539,1
317843,1
321299,1
203398,0
71002,1
131908,1
114601,1
154883,1
291241,1
147377,0
102097,1
79693,1
349950,0
62171,0
225786,0
24992,0
83397,0
217762,0
43004,1
35622,1
340311,1
129723,0
325540,1
108848,1
344841,0
305916,1
330465,0
284108,1
269943,0
347766,1
122714,0
318623,0
79189,0
58737,1
281165,1
39741,1
16919,1
13556,1
64706,1
345965,0
261766,1
72042,0
163596,1
281985,1
323401,0
144889,1
334552,0
295216,0
152334,0
215503,0
123785,1
80727,0
397809,1
205737,1
86294,1
130880,0
45833,1
10443,0
46951,0
286686,1
70159,1
265639,0
322171,0
406584,1
270736,0
375253,0
32890,0
214198,0
223680,0
192083,1
154230,1
165070,0
211430,1
401255,0
286465,1
220971,0
346678,1
152500,1
61797,1
318142,0
306919,1
136915,1
31987,0
166454,1
288906,1
319401,1
16938,0
47949,1
191309,1
223357,0
7904,0
233393,1
161110,1
317548,0
328091,0
23816,1
292636,1
132984,1
155904,1
2972,1
215999,0
94439,0
392158,1
404553,0
72574,0
244188,1
83247,1
288329,1
331444,1
318192,0
331743,1
364181,1
359844,1
306027,0
87958,0
363320,1
234936,1
380782,0
233636,1
319077,0
249082,1
145437,1
392992,0
158337,0
297550,1
289889,1
389564,0
224875,0
377990,0
401767,1
340732,1
140191,1
110978,1
28242,0
393024,1
324174,0
276677,0
334650,0
223769,1
127149,1
385470,1
72926,0
180729,1
261144,0
404927,1
320551,1
281211,1
302692,0
177451,1
76264,0
52449,1
389649,0
345543,0
129764,0
36000,0
134145,0
322610,0
213577,0
368170,1
394615,0
125516,0
253240,0
56058,1
279031,1
341840,0
411842,1
259167,0
251371,1
184300,0
22720,0
304161,0
214847,0
267351,0
330271,0
146232,1
214535,1
355551,1
268823,0
297726,1
136878,0
169398,1
156258,0
163397,1
215356,0
198619,1
309237,0
80588,1
256949,0
253126,0
221018,0
294352,1
7008,1
384374,1
213566,1
296264,1
71081,1
361610,1
322025,1
124798,1
341388,0
282609,0
364300,0
252479,1
33687,1
400973,0
62846,0
171571,1
97815,1
178944,1
349822,1
46642,1
361750,1
122482,1
208949,0
335975,1
84186,0
142959,1
367310,1
38552,1
329165,1
394675,0
275717,0
160175,0
332387,0
306889,1
131621,1
270528,0
157002,1
197532,1
24929,0
126757,1
403028,0
219483,1
147444,0
211439,1
309113,0
364130,0
271647,1
328618,0
341839,0
283453,1
73634,1
38498,0
201559,1
25355,1
221739,1
313171,1
356732,1
173154,1
244733,1
387218,0
326510,0
240328,0
12028,1
103286,1
373057,1
261354,1
1817,1
407685,0
234067,1
284512,0
131167,1
341317,0
276238,1
192613,0
113459,1
73450,0
335904,0
185875,1
347367,1
144159,1
142248,1
194336,1
290677,1
1918,0
116293,1
13535,0
227809,0
107928,0
2177,0
294812,1
177031,1
351832,1
77882,0
99485,1
33243,0
248493,1
218784,0
354848,0
21005,1
276897,0
66163,1
66887,1
159974,1
368144,0
22786,0
321707,1
59750,1
175850,1
169099,0
300121,1
193638,0
209428,1
228618,0
195144,0
25231,0
99678,1
288478,1
201298,0
153263,1
202250,0
97279,0
221387,1
408306,0
219476,1
174553,0
399812,0
363760,0
225308,0
217939,0
98923,0
316175,0
221068,0
206211,1
84584,0
54683,1
287647,0
114941,0
54059,1
7821,0
280246,0
330066,1
119923,1
86430,0
126980,1
66657,0
299187,1
411932,0
13070,0
302737,1
68886,0
16873,1
96198,0
137142,0
394368,1
223730,0
6632,1
272470,0
208222,1
25282,0
362524,1
146028,0
154599,1
199227,1
31928,0
372116,1
340804,1
27414,1
277318,1
368106,1
361484,1
379704,0
249727,0
146529,0
108198,1
91455,0
276793,0
80784,1
302118,0
71833,0
291867,1
141720,1
347313,0
216521,0
44174,0
395289,0
309853,1
282495,0
89531,1
390458,1
240636,0
382240,1
241131,0
312894,1
109260,1
283602,0
163883,0
411593,0
148175,0
184189,1
112286,1
356104,0
54913,1
368189,0
181636,1
371067,0
138935,1
255364,1
121680,1
7792,0
150297,1
319229,0
406855,0
85343,0
77845,1
266858,0
353578,1
148744,0
202639,1
241519,0
376283,0
4080,0
264537,1
389580,0
171320,1
21137,1
400622,1
139647,1
105271,0
381242,0
287856,0
356053,0
146580,0
254554,0
292207,1
69396,1
338371,0
180101,0
114329,0
148746,0
213706,0
217707,1
167212,0
303302,0
122774,1
36724,0
292141,1
66664,1
88669,0
346807,1
335510,0
408584,0
278053,1
180903,1
164021,1
192353,0
246161,1
215437,0
112845,0
119895,1
71921,0
13112,1
215143,1
274298,1
347302,1
326956,0
8457,1
290104,0
323508,0
1589,1
154051,1
8520,1
248466,0
254290,0
261658,0
34444,1
400630,1
19868,0
215998,0
20066,1
375053,0
326977,0
279465,1
396162,1
356118,0
383021,0
409465,0
58788,1
90935,1
78884,1
111541,1
35157,0
78011,0
181699,1
401140,1
128288,1
231496,1
151452,1
11778,1
223914,0
125576,1
279184,1
215738,0
269200,0
356041,1
70733,0
177459,1
105625,1
279219,1
276040,0
268741,0
408649,1
353040,0
11701,1
10926,1
329197,0
140991,0
137769,1
155186,0
118520,0
210484,1
232695,0
134114,1
44718,0
285566,1
395622,0
377824,0
358135,1
186791,1
72959,1
42737,0
41211,0
98030,1
120001,1
253214,0
109511,1
283239,1
236842,1
318944,0
205996,0
152650,1
96764,1
171621,1
215435,0
342557,0
264305,1
172075,0
17173,1
34865,1
332697,0
170410,1
9100,1
106706,0
341795,1
252841,1
153979,1
223430,0
289876,0
337784,0
10959,1
170617,1
14117,0
253235,0
240417,1
45022,1
169260,1
179273,0
370313,1
231918,0
131149,1
243822,1
8436,1
308650,1
145913,0
41199,1
303191,0
53442,1
2480,1
356467,0
148932,0
342211,1
160902,0
192627,0
80544,1
340380,1
50659,0
207594,1
314339,0
1988,1
286013,0
411247,1
368240,1
273991,1
162319,1
69112,1
254533,0
341398,0
409453,0
96754,1
33127,0
331557,0
37003,0
374845,1
49280,0
306017,0
379545,0
34365,1
385211,1
66087,0
202284,0
2761,0
368765,0
132885,1
178532,1
57345,0
146192,1
5931,0
339223,1
248223,1
127173,1
32729,1
5850,1
314144,1
140163,1
325584,0
21183,1
23114,0
368337,0
365744,1
387215,0
186121,1
97583,0
346156,0
398586,1
295482,0
123536,0
270419,1
53561,0
254857,0
145925,0
222296,0
136754,1
207691,1
410923,0
274647,1
384599,1
42850,1
33584,0
112405,0
69822,1
35950,0
264145,1
371708,1
394519,1
45747,0
54924,1
229664,0
183886,0
57684,1
348329,1
76097,1
393866,0
396837,0
373215,1
67937,0
290274,1
267299,0
16491,0
406367,1
228441,1
376291,0
240814,0
246840,1
321108,1
302119,0
122856,0
48836,1
224428,1
113279,1
78638,1
142373,1
124629,1
68499,0
150177,1
283362,1
17957,0
44353,0
144607,1
244999,1
223638,0
275027,0
213161,1
19051,0
33052,0
318822,1
8503,0
393329,1
222195,0
169118,0
389836,0
153569,1
359997,1
27773,0
274698,1
33612,0
309973,0
51378,0
169102,0
180514,1
352045,0
10093,1
193761,1
327477,0
149006,1
264876,1
217583,0
126320,0
82025,0
305404,0
182210,0
33813,1
156124,0
92337,1
259626,0
221209,0
183875,1
409221,0
290519,1
397869,1
161846,1
111771,1
336636,0
366070,0
343312,1
301124,1
367616,0
288173,1
121585,1
181821,0
393013,1
263867,1
65503,1
372885,0
194903,0
228326,0
353241,1
133947,0
121051,1
274243,0
30456,1
168855,0
321969,1
121062,1
11723,1
367092,1
120051,1
280832,0
320814,0
360219,0
207183,1
6675,0
7534,0
34146,0
113435,1
195728,1
201812,1
246030,0
386109,1
179806,0
245776,1
363968,0
57229,0
375507,0
405873,1
271992,0
98846,0
114326,0
31186,1
309571,0
290754,0
332660,1
350660,1
168450,1
194479,0
69689,1
61516,1
222970,0
117128,0
284323,0
281789,1
40073,0
151485,1
209753,0
190602,0
298540,1
5886,0
152667,0
36850,1
31710,1
150934,1
371591,1
62032,1
269142,0
342864,0
373320,0
128552,1
338543,0
141144,1
277223,0
51603,1
354922,0
352631,1
68785,1
308431,1
70979,0
337196,1
68801,1
322878,0
225316,1
20869,1
81255,1
50614,0
298081,1
120055,1
84718,0
84711,0
379136,0
400693,1
87839,1
136924,0
219528,0
393005,1
145832,0
137773,0
267208,0
254256,0
44706,0
277467,1
229680,1
54428,0
155940,1
181048,0
237892,0
63104,1
336716,1
138457,0
233786,1
359977,1
100931,0
249245,0
384501,1
133904,0
45193,0
379368,0
36268,0
317430,1
254865,1
68539,0
276599,0
212765,1
120598,0
202796,1
172745,1
22885,0
238848,0
380958,1
34355,0
199609,1
362578,0
231533,0
255905,1
378529,1
176716,1
352801,0
183742,0
196248,1
290628,0
287399,0
226683,0
107873,0
133080,1
338443,1
82911,1
138589,1
15593,0
78228,1
262972,1
303741,1
124857,1
373689,1
129640,0
30209,1
345513,1
341877,0
59119,0
35927,0
130480,0
398367,1
7854,0
249115,1
261683,0
136877,0
185933,1
320957,1
140692,0
8302,1
134274,1
368270,0
149851,0
78854,1
47856,0
95091,0
293468,1
313818,1
365540,0
394559,0
159141,1
367620,1
270078,1
375537,0
386207,1
137800,0
230056,1
214313,1
86070,0
332291,1
187519,0
352611,1
88418,0
252689,1
332060,0
399903,0
172649,1
380413,1
103976,1
268832,0
149054,0
254330,0
82142,0
161345,0
79283,1
68304,0
398821,1
305379,1
377643,1
207390,0
188005,0
10679,1
354830,0
404691,1
332419,1
175353,1
50934,1
233177,0
227745,0
130013,0
103060,0
140664,1
71043,0
336986,0
348141,1
394411,1
105713,1
296967,1
207129,1
271068,0
368368,1
34808,0
399004,0
397725,0
354820,1
47793,1
301041,1
256366,1
129665,0
184808,0
237711,1
117756,1
47065,1
181880,0
14364,1
151083,1
31507,1
287905,1
78017,0
239153,1
194364,0
19018,0
383707,0
157094,1
86118,1
187067,1
100029,0
157253,1
240924,0
32608,1
375015,1
289409,1
310099,1
186210,1
63198,0
300018,0
178507,1
163746,0
279335,1
86781,1
60295,1
57090,0
194075,1
390990,1
183073,1
177229,1
398368,0
403434,0
64918,0
292821,1
312573,1
122183,1
368699,0
368741,0
187936,1
228786,1
146148,0
268680,0
122090,0
149861,1
379776,1
78159,0
272263,0
138412,1
63981,1
97028,1
392299,1
2491,1
335503,0
88664,1
218160,0
27660,1
193592,1
403884,0
166775,1
3516,1
129616,0
65256,1
64364,1
45372,1
410883,0
376730,1
159178,1
162930,1
400297,1
309345,0
45186,0
215370,0
107650,1
385369,1
153192,1
399815,0
131560,0
407002,1
313193,1
172191,0
19611,0
295499,1
367544,1
241053,0
212407,0
77646,1
258917,0
145734,1
319298,0
342477,0
292064,1
175239,1
411702,0
334415,1
287301,0
84034,1
89423,1
210831,0
403701,1
62771,0
152861,1
353117,0
26952,1
38004,1
293668,1
207737,1
201152,0
211051,1
361413,0
343094,0
406708,1
8802,1
174279,1
225744,0
241242,0
334059,0
92537,0
394100,1
349274,0
101703,0
175043,0
356277,1
44368,0
364637,1
233286,1
210946,0
400022,0
58052,1
74210,1
64365,1
112330,0
297115,1
221963,0
371744,1
369450,0
215553,0
375510,0
411942,0
279534,1
208268,1
269464,0
167310,1
14119,0
13804,1
336130,1
322242,0
73152,0
70945,1
281029,1
70108,0
69281,1
317118,0
273718,0
270634,0
389203,0
278627,1
98945,0
411845,0
114859,0
80095,0
18091,0
86093,1
110032,1
280863,1
63948,1
255915,1
367801,1
141130,1
241025,0
367657,0
8479,1
72637,0
248154,0
89325,1
187626,1
379367,1
66074,0
51947,1
394353,0
161302,0
286287,0
78580,1
259469,1
27088,0
114352,0
286597,1
61385,1
112911,0
52472,0
53031,0
282537,1
349880,1
361092,1
264730,1
150776,0
33839,1
353533,1
305339,1
261355,1
195982,1
183435,0
214614,1
24346,0
233362,1
98205,1
129483,1
151872,1
263886,0
87392,0
185065,1
70021,0
258526,1
7091,0
193036,1
103442,0
198582,1
270343,1
115557,1
305881,1
17648,0
196074,1
171637,1
50393,0
318658,0
18162,0
318050,0
384911,1
4532,0
48621,1
44637,0
223363,0
61737,0
353129,0
365602,1
140066,1
312197,1
74712,0
298543,1
119494,1
87211,0
405864,1
53186,0
191314,1
394792,0
405016,1
19234,0
26714,1
165936,0
215757,0
140802,1
366095,1
347743,1
54435,1
14213,0
250386,1
290595,0
274953,1
407096,0
395441,0
155612,0
163237,1
273613,1
244389,0
109200,1
388864,0
24597,1
293717,1
205674,0
355075,0
283736,1
236263,0
147899,0
210391,1
68280,1
22171,1
35596,0
366059,1
235275,1
375878,1
310343,1
286178,0
130724,0
321415,0
136823,0
322845,0
347669,1
335192,1
19423,1
168189,1
253749,0
155373,1
206479,1
322236,0
76069,1
304096,1
322600,1
401147,0
33317,0
249557,1
152985,1
206016,0
234465,0
409319,1
403588,1
200852,1
273923,0
131282,1
290439,1
130052,0
279242,1
319261,0
180825,1
310957,1
62968,1
82335,0
403693,1
229387,1
144722,1
305859,1
246932,0
289525,0
230306,0
244955,1
289643,1
316309,1
407942,0
122442,1
164046,1
272348,1
322180,0
20465,0
41506,1
305886,0
236825,1
255390,1
6307,0
25571,1
372606,1
246737,0
138100,0
93940,1
179165,1
279224,1
130505,0
133659,1
189012,1
209757,1
109888,0
51935,1
238030,1
180160,1
65974,0
173319,0
339714,0
204665,0
199650,1
179679,0
324425,1
382035,1
94521,1
181041,1
223943,1
75084,0
273966,1
145930,0
47554,1
329550,0
325269,1
245856,0
332716,0
384611,1
282412,1
374188,1
155960,0
149404,1
357092,1
115451,1
281410,1
335375,0
255932,0
147483,0
80675,1
157233,1
124164,0
316124,0
131220,1
94812,0
250144,1
269820,0
31763,0
130497,0
205947,1
218098,0
20804,0
9077,0
388964,1
310967,0
171531,1
90936,0
53182,1
66519,0
329443,1
307981,0
301500,0
340721,1
6709,0
148188,0
218138,1
402851,1
290417,0
29778,1
245266,0
178434,1
352603,1
199486,1
199607,0
223084,0
174078,0
164876,0
144579,1
115752,1
286460,1
310428,0
202016,0
116849,0
82112,1
34552,1
237475,1
113774,1
45120,0
325101,0
51717,1
396673,1
216741,1
70419,0
92514,1
322043,1
296537,1
220116,1
72856,1
251684,0
292050,1
141317,0
380676,0
313043,1
294147,1
176725,1
231306,0
124010,0
359762,1
386328,1
301600,1
93660,0
87720,1
354868,0
368750,0
395137,0
236912,1
115304,0
314715,1
108243,1
228059,1
166425,0
253611,0
320191,1
100140,1
363984,0
32243,0
4478,1
319282,0
290130,1
362613,1
48595,0
73600,0
246043,0
270615,0
220916,0
326466,1
230348,0
212429,1
215796,0
25748,0
230647,0
244240,1
127018,1
27075,1
96594,0
14407,0
398602,1
388108,1
108788,0
298625,1
205304,1
181481,0
81753,1
264210,1
165508,1
192717,1
216688,1
351244,1
37432,1
53116,1
229705,0
315874,0
311116,0
320956,1
351768,0
107130,0
93860,1
308552,0
118453,1
349051,1
170776,1
179529,1
86045,0
83111,0
194652,1
277189,1
16019,1
324990,1
76442,1
165632,1
202345,0
406356,0
171166,0
184716,1
10148,0
18815,1
58896,1
392646,0
246958,0
270522,1
33503,0
91748,1
343783,1
84211,0
321368,1
89811,1
273673,1
254878,0
156375,0
85852,0
147383,0
35946,0
240872,0
156082,0
234992,1
388871,1
192854,0
132892,0
257301,1
337646,0
219341,1
26484,0
309073,0
20011,0
376521,0
400,1
112309,1
231096,1
235430,0
199708,1
62225,1
404112,0
380063,1
116569,1
235308,1
186572,1
347907,0
263090,1
305770,1
226314,1
301441,0
228223,1
81213,1
209581,0
340849,1
307996,1
161535,1
302459,1
220948,0
250248,1
247032,0
270840,1
203039,0
33669,0
156253,0
348408,1
273663,1
230037,1
368452,0
127943,1
147128,1
45091,0
9199,0
219999,1
75395,1
411086,0
140849,1
328507,0
161907,1
368936,1
121326,1
200084,1
50318,1
337123,0
282787,1
109977,0
195684,1
317925,0
370078,1
393318,1
248338,1
245476,1
231060,1
286798,0
227183,0
24481,0
243784,1
287151,1
81942,0
130414,0
32080,1
198419,1
44522,0
151479,1
14551,1
172657,0
74585,1
150327,0
118354,1
147886,0
263630,1
314277,0
45367,0
58063,0
194323,0
23733,1
209667,0
100497,1
57639,0
186180,0
267333,0
293763,0
186660,1
21619,1
363084,0
387593,1
373558,0
1442,0
315729,1
241220,0
284044,0
255300,1
255499,1
297657,1
88497,1
377488,1
348306,1
74618,0
298265,1
174387,1
149139,0
57938,0
312320,0
312179,1
185623,1
34413,1
354293,0
279232,1
400433,1
248630,1
254486,1
123974,0
370049,0
391294,1
367911,1
150357,0
123013,1
325246,0
21028,0
77470,1
173155,1
154900,0
369371,0
55903,0
153341,1
375168,0
303724,1
284237,1
49353,0
62227,1
356040,0
311003,0
246109,0
170682,1
305480,1
36628,0
97000,1
35642,0
185454,1
20206,0
14156,0
258282,0
262714,1
139547,0
275352,0
327578,1
227773,0
320419,1
383964,1
159825,0
247687,0
75830,1
279705,0
248674,0
135733,1
103610,1
272942,1
135150,1
353963,0
102864,1
208656,1
70076,0
114384,0
145567,1
64086,0
258519,0
261617,0
21042,1
52342,0
393354,1
393977,0
212850,0
345141,0
126813,1
368202,0
293327,1
290471,1
24617,0
299941,1
379173,1
187152,1
194813,1
364951,1
267432,1
265414,1
411937,0
347172,1
85641,0
172614,1
289848,0
90456,1
10368,0
334304,0
155834,0
340649,1
351676,1
269305,0
192793,1
298387,1
313006,1
54730,1
29832,1
35781,1
225007,0
243997,0
312835,1
258020,1
64787,0
399654,0
223468,0
24552,0
22078,0
301218,1
376236,0
122166,1
236786,0
407361,1
364265,1
268495,0
301921,1
411862,0
378424,1
289778,0
323500,0
3686,1
339189,1
56879,0
239976,1
320836,0
200910,0
81795,1
283074,0
267564,0
3893,0
149696,1
300885,1
374380,0
76479,1
32125,0
138591,1
373172,1
149954,1
215009,0
338528,1
139244,0
336488,0
223652,0
118171,0
227815,1
378530,1
289691,1
253859,1
336691,0
163102,1
190257,1
31633,0
333053,1
25134,0
265819,0
405306,0
363736,0
81723,0
139561,1
41740,1
147516,0
152312,1
243721,1
347934,1
63614,1
407242,0
381193,0
59566,0
110733,1
358981,1
183039,1
229151,1
231815,0
327457,1
249469,0
145944,0
183139,0
377585,0
128148,1
38436,1
293287,1
91424,0
287465,0
287496,0
336290,1
188467,1
201964,0
337828,1
56774,1
213863,0
352637,1
190810,1
311186,1
236676,1
20489,1
54382,1
5198,1
331413,1
108107,1
306376,1
318196,1
47224,0
205381,0
62863,0
366393,0
363045,1
323753,0
307435,1
292594,1
280807,1
389263,0
30867,1
318752,0
60211,1
168580,1
248954,0
14279,1
334609,1
179477,1
153693,0
70138,0
396395,1
163429,1
284737,1
162800,1
339272,1
51623,0
6696,0
254250,0
222265,1
85986,1
179653,1
228212,1
290604,0
276724,0
97298,1
99415,1
85040,0
100139,1
245248,0
391179,1
394046,0
158912,1
142273,1
365590,1
235511,0
168840,0
303829,0
243183,1
210776,1
60768,1
184900,0
38830,1
211848,0
217086,1
65710,1
254613,0
383260,1
137837,0
17259,1
33695,0
201884,0
267336,0
137019,0
265364,1
215085,0
104472,1
325856,0
7291,0
73254,0
201038,0
253442,1
7764,0
155699,1
153083,0
178059,1
207669,1
52658,1
130227,1
205469,0
22355,0
167739,0
199012,1
44081,0
380528,0
385043,1
254528,1
160552,0
268818,0
168180,0
231394,1
308690,1
380335,1
12465,1
290809,0
308641,1
399134,0
32570,0
63173,0
370106,1
170031,0
313019,1
310690,0
2980,1
202194,0
155738,0
275267,1
6035,1
199864,0
124121,0
116500,1
371270,0
312398,1
18236,1
393051,1
87960,1
141200,0
233833,0
141358,1
30690,0
59164,0
389751,1
244748,1
366209,1
101620,0
339978,1
183570,1
3168,0
111337,0
280304,1
365101,1
374975,0
399673,1
404666,1
110221,1
110776,1
380234,1
301510,1
132384,1
228593,1
312542,1
120038,1
162236,0
151658,1
52369,0
409561,1
121209,0
411962,0
333544,0
394671,0
166561,1
225775,1
96782,0
53301,0
121058,1
399698,0
270823,1
329428,1
359034,1
199653,1
196636,0
126454,1
351596,1
168119,1
182356,0
57359,0
137336,0
164056,1
193859,0
385212,1
402192,1
144871,1
315967,0
226009,0
383646,1
76864,1
219777,0
340229,1
221180,0
220799,0
365537,0
73523,0
244799,0
106721,1
164292,0
290546,0
246170,0
84216,1
137859,0
132812,1
302862,1
76454,1
320577,1
277120,1
395067,1
267547,0
385681,1
59495,1
35710,0
347020,1
156832,0
319284,0
317807,0
227475,0
283012,0
145954,0
64897,0
310211,1
400196,1
359728,1
49544,1
315041,0
140052,1
380744,1
339955,1
29193,0
198154,1
226015,1
410488,1
184361,1
178119,1
212584,1
133926,0
335341,0
122574,0
33322,0
253332,0
97898,1
325008,1
83039,1
157338,0
78532,1
333331,0
93791,0
55118,1
19269,0
125363,0
370992,1
295354,0
307953,0
31797,0
77043,1
226435,0
87181,0
59137,1
184539,1
242709,0
8138,0
155548,0
392577,0
189686,0
59065,1
47879,1
405817,0
6751,1
130216,1
274087,1
324944,0
192894,1
112654,1
323638,0
93930,1
87826,0
124763,1
385662,1
341858,0
286961,1
147518,0
148561,1
217050,0
201085,1
59422,0
328966,0
392841,1
318915,0
66526,1
134864,0
11605,1
164959,1
100709,1
241163,0
298224,1
276268,1
385882,1
69855,1
286572,1
105934,1
54921,1
182374,0
84444,1
344052,0
37058,0
212215,1
73459,1
105613,1
97710,1
80973,1
229623,1
289320,0
85025,1
357728,0
218796,1
118941,0
294081,1
161893,0
99117,0
409419,0
169569,0
365124,1
325614,0
246635,1
136376,1
87123,0
224408,1
85149,0
41874,1
114518,0
54306,1
78732,1
348439,1
380218,0
224937,0
13218,0
330200,0
240526,1
312287,1
180076,1
122160,0
293388,0
183614,1
270446,1
6597,1
265010,1
287145,1
303117,0
123958,0
211871,0
65386,1
223397,1
398635,1
309701,1
260506,1
23753,1
158649,0
216279,1
117083,0
154578,0
334256,0
90369,1
344970,0
225919,1
278385,1
393492,0
239171,1
159032,1
52271,0
291408,0
324754,1
172603,1
3960,0
375740,1
131475,0
394879,1
229897,1
305808,1
164050,1
85714,0
222550,1
1415,0
83755,0
74894,1
260113,1
42871,1
182688,0
403772,1
19369,0
111656,1
353825,1
17662,0
408115,1
23028,0
349855,1
14127,1
123483,1
315554,1
219610,0
257149,0
341844,0
289387,0
226251,0
129725,0
323219,0
19603,0
346904,1
198537,0
212349,1
133889,0
196469,1
318686,0
27877,0
25972,0
323229,0
19783,0
56082,1
407335,1
290509,0
107300,1
60781,1
26590,1
352906,1
140762,1
407635,0
52356,1
197171,0
163387,1
346332,1
96447,1
13876,1
308799,0
38497,0
57999,0
172912,0
219769,1
2018,0
72085,0
7815,0
292820,1
138780,1
197930,1
362757,1
252475,1
46129,0
109192,1
381917,1
101414,1
183964,0
303031,0
151740,0
323531,0
39204,1
148306,0
27109,0
227078,1
194840,0
312124,1
40756,1
30606,0
376792,1
138450,0
41112,1
31202,0
251127,1
322509,0
247625,0
277837,0
111347,1
302964,0
11647,0
229693,1
355382,1
35892,0
409699,0
159603,1
248111,0
337073,1
246266,1
253556,1
204261,0
173797,1
346194,1
102830,0
272785,0
8915,1
395779,0
249101,0
354492,0
184192,0
400795,1
69911,0
276860,0
304079,0
40956,0
273849,1
316090,1
393412,0
3972,0
213396,1
360749,0
194493,1
116980,0
149127,0
7021,1
263479,0
168623,1
131534,0
143724,1
174526,1
397165,1
33332,0
8718,1
4991,0
162116,0
269875,0
110955,1
305971,1
6320,0
410038,1
367439,0
356077,0
44741,0
230864,0
92189,1
45422,0
221501,0
379510,0
87058,1
205137,0
382446,1
145467,0
156655,0
401975,1
211096,0
319725,0
206222,0
372145,1
243825,0
250270,1
398475,1
211053,0
234947,1
154527,0
247581,0
85547,0
125927,1
224328,0
166537,1
216980,0
136790,0
258781,1
245831,1
205258,0
169165,1
221308,1
107624,1
337884,1
197451,1
329402,0
337438,1
278739,1
254416,1
147467,0
69923,0
320827,0
336999,0
279093,1
341665,1
375532,1
359353,1
394602,0
191025,1
163568,1
389459,1
315957,0
382974,1
45689,0
93821,0
277595,1
111329,1
228054,0
24880,1
201896,1
378378,1
151071,1
389904,1
149333,0
174804,1
77217,1
366420,1
243488,1
344987,1
195029,1
320710,1
68,1
226686,1
31547,0
220945,0
196646,0
269934,0
218993,0
43418,1
243729,1
68913,1
301298,1
98871,0
8749,0
108647,1
225189,1
405521,0
278784,0
230262,0
357849,0
351634,0
9682,1
283397,1
296961,0
227512,0
122344,1
112488,1
179187,0
104801,1
247624,0
230284,0
121475,1
367771,0
202798,0
326228,1
97445,0
113976,0
260204,1
303994,1
266192,1
364987,0
209970,1
198737,0
143305,0
77760,0
136498,0
318254,1
287331,1
73952,0
348903,0
352350,1
362098,0
128767,1
75030,0
3838,0
354531,0
237125,1
330186,1
171883,0
45654,0
127495,1
377122,1
139935,0
408252,1
30403,0
6332,0
331699,1
128098,1
36352,1
128089,1
364875,1
231574,0
244165,1
186453,1
272865,0
365259,1
271198,1
229324,0
410196,0
391536,1
75952,0
48649,1
8273,1
108973,1
410374,0
302037,1
282758,0
111632,1
223428,1
89667,0
388442,0
411557,0
7604,1
321107,1
315155,1
137813,0
368352,0
333900,0
161641,0
179785,1
137448,1
310418,1
266416,0
383364,0
292533,1
216014,0
308663,1
174509,0
97805,0
134825,0
51228,1
336175,1
246597,0
56865,0
383439,1
247552,0
384954,0
405020,1
53534,1
254783,0
118899,1
387066,1
103430,0
40329,0
281900,1
322877,1
337433,1
108040,1
273819,1
322256,0
87149,0
157897,1
92253,0
351647,0
15075,0
182951,1
341685,0
259835,1
16846,0
323044,0
219325,0
282919,0
364903,1
66396,0
166707,1
392464,0
37310,0
303749,0
330729,1
153167,0
237782,1
222382,1
304441,0
198730,1
292455,0
368126,0
47542,1
124425,1
243018,1
235550,1
219058,1
179277,1
390998,1
344597,1
70410,1
73775,0
124722,1
33279,1
283364,0
219315,1
47007,1
16776,0
210576,1
288866,0
219004,0
356394,1
87798,0
16849,0
294185,0
259684,1
227843,1
256665,1
252431,0
357357,1
39371,0
194815,1
337566,0
176650,1
377746,1
84935,1
198275,1
161247,0
325053,0
269794,1
145992,0
304258,0
105688,1
74300,0
55959,1
370720,1
216062,1
320138,0
53807,1
130461,0
224541,1
134444,1
253960,1
313824,0
411854,0
233455,1
12957,0
97542,1
225250,0
323328,0
129855,0
289029,1
240351,0
136058,1
267682,0
238697,0
16752,1
398140,1
88927,1
295030,0
35898,0
388807,1
931,1
267359,1
5654,1
199847,0
273570,1
405528,0
152341,0
293956,0
367503,0
229463,1
11287,1
313595,1
100559,0
199297,0
29115,1
384177,1
187039,0
299105,1
212590,1
365570,1
186091,0
14880,0
100896,0
28979,1
268555,0
342926,0
185985,1
236706,1
394044,0
83845,0
122055,1
271135,0
99349,1
397322,1
296930,0
300900,1
68469,1
40715,0
236323,1
288023,1
227631,0
77699,1
375496,0
47536,1
56543,1
240039,0
221964,1
22081,1
115364,0
402217,0
244818,1
237822,0
392260,1
387321,0
294200,0
226579,0
165480,0
248559,0
301119,1
239482,0
146019,1
217793,0
161314,0
391524,1
137121,1
10341,0
213164,0
144054,1
73562,0
194508,1
72249,1
191344,0
280552,1
27289,0
203770,0
231015,0
285546,1
337567,0
202150,0
373573,1
56339,1
222304,0
89744,1
312289,0
346141,0
246826,0
411255,0
90006,1
250309,0
89162,1
201678,0
359267,1
163929,1
266323,0
17389,0
196229,1
54859,1
353846,0
65878,0
373257,1
267902,0
211413,1
400742,0
319321,0
272350,1
107096,0
241595,1
106835,1
375309,1
243002,0
124266,1
121008,0
291719,1
40705,1
152002,1
81802,0
165002,0
254202,1
356507,1
153329,0
70883,0
287612,1
118115,0
174460,0
129858,0
42612,0
325819,0
399263,1
319028,0
182779,1
283379,0
213949,1
198443,1
4147,1
305182,0
410938,1
153726,1
236163,0
232230,1
93912,0
67659,1
65676,1
301484,1
304251,1
66817,1
177886,1
245104,0
29979,1
203126,0
368280,0
87043,0
343880,1
240479,1
7481,1
288219,1
58102,1
19309,1
118149,0
162972,0
155997,1
117058,0
5630,1
2200,0
348253,1
390658,1
183680,1
38697,1
351250,0
93934,1
293878,0
242161,1
125847,1
64285,1
355400,1
352516,1
53233,0
32849,1
249476,1
72802,1
170081,0
206023,1
411756,0
322620,0
298906,1
254824,0
212636,1
348488,1
293917,0
303142,0
201881,1
116159,1
63506,0
223774,0
3959,0
260482,1
340937,1
33736,1
250865,1
278711,1
6347,1
356734,1
167143,1
376621,0
404290,1
78893,0
48671,1
207607,1
117166,0
387718,1
384622,0
163310,0
393931,0
254844,0
96900,1
121353,1
17992,1
234825,1
231596,1
203098,0
91186,1
257831,0
139149,1
402517,0
17114,0
188755,0
135081,1
195142,0
155185,0
154233,0
81156,0
307466,1
9611,1
199018,1
218350,0
225181,0
371991,1
285185,0
218689,1
306916,1
3899,0
395102,1
277853,0
137362,0
280298,1
399325,0
25609,1
257434,1
20389,1
235545,0
239723,1
298759,1
33392,0
115027,0
18908,1
411151,0
198763,1
370713,1
117999,0
182940,0
131117,0
310985,1
405481,0
297513,0
379577,1
103673,1
214026,1
93148,0
240506,0
365075,0
193718,0
316385,1
313984,0
67135,0
266166,1
157234,0
290466,1
43856,1
287429,0
373592,1
228631,1
304763,0
2884,1
4878,0
123237,1
165237,0
171082,1
320655,0
356266,1
242656,0
265141,1
254693,0
334775,0
58607,0
17790,0
178922,0
165983,1
310992,0
379881,1
327867,0
236331,1
396953,1
389756,0
313024,1
286525,1
375413,0
387209,0
46918,1
303425,0
341843,0
172066,0
142712,1
11538,1
342887,0
80980,1
230748,0
148019,0
52700,0
334949,0
130834,0
165604,1
186540,1
4046,0
137630,0
121615,1
396573,1
107244,1
348888,0
192436,0
96998,1
89061,1
80661,1
19383,0
56090,1
15013,1
30449,1
86179,1
28668,0
176581,1
145248,1
266199,0
200210,1
223763,1
311385,0
196571,1
220759,1
362974,1
62461,0
342757,1
310867,1
363719,0
304523,1
408743,0
138454,0
97644,1
366333,1
324145,1
129895,0
19968,0
400923,1
122450,1
54312,0
3608,1
62122,0
14165,0
330525,1
300051,0
254227,0
344535,0
352921,1
341812,1
160172,1
353691,1
293703,0
182252,1
20480,0
91684,0
323604,1
269952,0
364240,0
87333,1
257488,0
72863,1
273507,0
51582,1
358146,1
190778,1
397662,0
286341,1
166316,0
342506,1
390855,1
115045,1
197876,1
331867,1
346424,1
327308,0
173570,0
231872,1
409052,1
240712,1
17556,0
30555,1
31309,0
404513,0
85683,0
139898,0
202260,1
402980,1
174065,0
199835,0
77925,0
79013,1
410823,1
381225,1
290031,0
9646,1
212629,1
128894,1
336925,0
116927,1
311900,1
181953,0
162350,1
93496,1
355396,0
380710,0
130604,1
351941,0
19653,0
181684,1
145986,0
169535,0
101195,1
117089,0
296197,1
385566,0
168206,0
134738,0
348091,0
402096,1
62233,1
34994,0
244393,1
292879,1
25594,1
203536,0
150629,1
282879,0
127835,1
299162,1
257564,0
23099,1
240222,0
399810,1
228339,1
97869,0
79103,1
186778,1
339495,1
183434,0
7903,0
307130,1
380903,0
357882,0
92649,0
2268,0
254055,1
45947,0
397127,1
27592,0
321756,1
131182,1
223493,0
38137,0
68515,1
64925,0
49470,0
4091,0
349523,1
140436,1
285541,1
243522,1
304781,0
242566,0
351654,0
208858,0
96265,0
171273,0
213745,0
118859,0
295385,0
169615,0
36356,0
289783,0
228390,0
193864,0
147931,0
376538,1
201588,1
17092,1
354194,0
139435,0
286374,1
340988,1
221864,1
121930,1
232,0
354081,0
254782,0
15767,0
232649,1
247574,0
126090,0
340652,1
12968,0
10440,1
385694,0
88913,0
24931,0
65128,0
7529,0
412002,0
30577,1
167094,1
110421,1
223156,1
101484,0
328492,0
97155,1
279886,0
364063,0
274126,0
54870,1
47431,1
95009,0
261006,1
252526,1
152737,0
302942,1
66166,1
362049,1
372585,1
63327,1
208493,1
241809,1
291849,1
117053,0
212670,1
182069,0
46625,0
270933,0
43743,1
188244,0
143817,0
403569,0
77926,1
359055,1
268585,1
78379,1
392623,0
161459,0
343132,1
77866,0
219437,1
371786,1
88914,0
391806,1
138989,1
312225,1
138486,1
268420,1
203095,1
160767,1
389747,0
297728,1
335568,1
409738,1
302170,1
199144,0
375546,1
208024,1
226765,1
37476,0
56629,1
214311,0
327733,0
255623,1
144784,0
114546,0
139567,1
288034,0
215292,0
125907,0
286057,1
5844,0
125033,0
348916,0
90988,0
66407,1
81862,1
301236,0
35050,1
52111,0
181816,0
263863,0
367451,0
209411,1
80800,0
219942,1
20588,0
303807,0
208507,1
339274,1
156159,1
347050,1
143822,1
207085,1
3180,1
984,1
19623,1
167765,0
307753,0
169360,0
67107,0
338536,0
226416,0
257063,1
254822,0
398372,1
194564,1
324315,1
325252,0
173068,1
403526,0
345800,1
94532,1
207560,1
99180,0
247351,1
177857,1
385755,1
135911,1
137905,0
76682,0
36551,0
9095,0
398641,1
105541,1
254941,0
235600,1
76577,1
319036,0
9135,0
328673,1
131262,0
164337,0
147046,0
77949,1
46383,0
88799,0
247948,1
394446,1
45036,0
14030,0
385601,1
364936,1
173683,1
116363,0
303850,1
369734,0
142670,1
286116,0
223809,0
58029,1
257218,0
154620,0
223566,0
2594,0
91911,1
61852,1
407921,0
371402,0
45874,1
199300,1
71193,1
6193,1
117435,0
160303,1
173204,0
364744,1
316161,1
277571,0
119431,1
163456,0
258440,1
131853,1
134356,1
372623,1
7203,1
156806,0
287811,0
19856,1
252072,1
1293,0
323476,0
151574,1
219248,1
49807,1
411985,0
34466,1
87493,1
125435,0
175426,1
275660,1
130091,0
12179,1
288516,1
21776,0
324595,1
205538,0
195848,1
356728,1
121226,0
286002,0
403862,1
227142,0
396323,1
159951,0
266101,1
225481,0
406605,0
240633,0
226702,1
90411,0
151364,1
280769,1
304597,0
380556,0
261395,1
400956,1
114151,0
316885,1
40962,0
85920,0
64236,0
20155,0
42200,0
152631,1
195278,1
215263,1
80976,1
372182,0
161412,0
386733,0
42527,0
153557,1
392772,0
408883,0
22670,0
67420,1
131985,1
7758,0
20144,0
99512,1
28081,1
67462,1
322678,1
28999,0
392635,0
320845,0
310132,1
329380,1
251034,1
83230,1
175103,0
286095,0
177721,1
406674,1
295509,0
289672,1
254861,0
295927,1
377481,1
249937,1
99845,1
312562,1
45962,1
209972,1
114488,0
78655,1
26666,0
62317,0
346866,1
207414,1
273852,0
117434,1
257767,0
122011,0
122487,0
256743,1
377543,1
71096,1
186568,1
119877,1
173519,0
109419,1
280946,0
384830,1
60440,1
3337,0
335905,0
313541,1
253047,1
146223,0
318978,0
36264,0
25769,0
225985,0
7244,1
57274,0
217029,1
100086,1
385845,0
168754,1
32433,1
172435,1
263331,1
244975,1
223362,1
266909,1
393129,0
274348,0
63099,1
282312,1
280189,0
197288,0
394148,0
138833,0
265855,1
47883,0
374754,0
336398,1
348109,1
140655,1
157323,1
395570,0
77259,1
335882,1
223859,0
253554,0
94666,0
112469,1
156951,1
391928,0
45680,1
203244,1
316014,1
270799,0
411772,0
224421,1
245157,1
396942,0
242518,0
320583,0
270234,1
359570,1
322842,0
24201,0
273609,0
127950,1
2843,1
115973,1
292743,1
42235,1
238918,0
64977,0
341314,0
373960,1
342793,0
402045,1
20596,0
266731,1
374105,1
97591,0
343539,0
366371,0
96420,0
326440,1
391219,1
26418,0
25637,1
131827,0
368492,0
177633,1
296057,1
224048,0
275585,0
275042,1
83554,0
376010,1
311091,1
263845,0
155250,0
14907,1
309006,0
28063,0
343970,0
212138,1
61512,1
118947,1
305501,1
399157,0
287000,1
225158,1
117145,0
107925,0
1996,1
332282,0
7106,0
268464,0
406381,1
276419,1
356009,1
204003,1
204949,0
218150,0
170377,0
406098,0
321797,1
183440,1
115643,1
270237,0
409282,1
36210,0
188935,1
261657,0
27721,1
323110,0
194685,1
318941,0
338455,1
125696,0
106920,0
147122,0
266132,1
371121,0
394374,1
71137,1
162720,1
329385,1
193114,1
334574,0
59069,1
324354,0
307726,0
272443,1
131661,1
376505,0
373015,1
145935,0
242369,1
91556,1
122258,1
252830,1
388788,1
160811,1
299737,1
823,0
391645,0
198757,1
531,1
117101,0
118053,0
379406,1
352832,1
300590,1
191404,1
95470,0
174299,1
251266,0
318913,0
323472,0
56852,0
166212,0
268332,1
127177,0
183465,0
388133,1
27727,1
58995,1
50895,1
181289,0
40374,1
323989,0
326951,1
117766,1
405426,0
366320,0
233504,0
50104,0
148571,1
195963,1
383830,1
31896,0
332169,1
134197,0
124589,1
101913,0
77075,1
53154,1
377688,1
109602,1
312223,1
342399,0
23835,1
335100,1
161229,1
246017,0
304003,1
295027,1
299021,1
95630,0
371056,1
221718,1
49538,0
343268,1
57506,0
146795,0
57060,1
23824,0
249413,1
277465,1
60964,1
92025,1
287360,0
268933,0
384668,1
288830,0
71846,0
201068,0
322470,0
396361,1
124265,1
253550,1
278813,1
343497,0
224147,0
39671,1
404097,1
369049,1
156231,0
255572,1
38966,1
308857,0
269253,1
331926,1
308767,0
343458,0
410393,1
378519,1
399787,0
290479,0
176052,1
54101,1
77970,0
148296,0
394614,1
145198,1
136815,0
234136,1
311865,1
313426,0
123592,1
59643,1
195855,1
139243,0
351432,1
360758,1
253599,0
407876,1
154206,0
385037,1
98739,0
106671,1
316467,1
337604,1
239828,0
234649,0
27678,1
204570,0
148256,0
127065,1
74605,1
181818,0
341881,0
311285,1
192030,0
296807,1
164849,1
35777,0
288344,0
251971,1
145155,1
260504,1
237357,0
68792,1
345136,1
295877,0
406860,0
32991,1
78793,1
175109,1
201892,0
147466,0
234010,1
87091,0
146721,1
229992,1
53042,1
17527,1
385860,1
230335,1
169556,1
162687,1
336596,0
312204,1
408898,1
214183,0
309903,1
247788,0
37982,1
179420,1
410456,0
172957,1
297360,0
32338,0
175701,0
372016,0
320668,0
43356,0
110665,1
266651,0
122552,0
303346,0
118644,1
251289,0
267444,0
310908,0
400194,1
221849,1
391848,0
393739,0
70253,1
121273,0
11240,1
167770,0
261226,1
212492,1
281757,1
121277,0
102778,0
12821,1
372861,1
13122,0
77998,0
146084,0
347143,0
116231,1
67232,0
27134,0
260284,1
40557,1
14582,1
122239,1
105662,1
195862,1
143345,0
181676,0
273133,1
365176,0
56116,1
346223,1
241827,1
271409,1
105914,0
399331,0
94899,1
98730,1
114694,0
175466,1
274412,1
6141,1
303914,0
383854,1
325055,0
390405,0
393484,0
230683,0
174829,1
213792,0
395139,0
88563,0
347589,1
61685,1
16307,0
245489,1
332555,1
323549,0
304736,0
333520,1
257861,0
313935,1
118784,1
113246,1
399424,0
17137,0
214802,1
122346,1
273625,0
259048,1
66485,1
354128,1
332968,1
400654,0
393410,1
311739,1
353938,0
391048,1
267077,0
247008,0
320532,0
220777,0
329192,0
151030,0
10271,0
1037,0
203524,1
89776,1
184135,1
27645,0
275538,1
189928,1
287923,0
115290,0
169591,0
75266,0
406235,0
44811,0
361954,1
142478,1
90039,1
364446,0
287083,0
95236,1
140857,1
390678,1
114733,0
251792,0
325571,1
248629,0
180707,0
254539,1
141961,0
353818,1
287951,0
41258,1
37872,1
63144,0
404394,1
81322,1
171310,0
35916,1
156233,1
179519,0
123629,1
7837,0
197548,0
357945,0
201925,1
955,1
190278,1
216458,1
354734,1
95148,0
191937,1
265945,0
182021,1
315841,0
220597,0
206533,1
138970,1
237821,0
89662,1
195088,1
170246,0
128701,1
398550,1
401500,0
126436,1
295276,1
137661,0
368210,0
386123,1
22229,0
289463,1
344449,0
82012,1
122935,0
4197,0
269343,0
284158,0
211905,1
17254,0
76210,1
189499,1
148453,0
96926,1
120278,0
116973,0
174024,1
341836,0
283162,0
132014,0
123719,1
63998,0
407284,1
18348,0
411840,0
182987,1
300293,1
346703,1
358911,1
178530,0
107548,0
215578,1
327508,0
324925,0
381311,1
411683,0
257729,1
33338,1
32406,0
158039,1
66448,0
68561,1
102410,1
52558,1
219399,0
66897,1
384891,0
220470,1
280201,0
334205,0
333950,0
212558,0
352006,0
4161,0
233838,1
280792,0
187457,1
53406,1
316881,0
64589,1
77097,0
378932,1
135201,1
96466,1
229879,0
123770,1
108691,1
362579,1
284587,0
272460,1
70542,0
36113,0
37109,0
84725,0
374274,1
338119,1
223185,1
373075,1
19180,1
264063,1
107907,1
149315,0
249853,0
260466,1
344468,0
278271,1
19917,1
124491,1
33937,1
267709,1
227130,1
105137,0
400833,1
362627,1
36979,1
330160,1
285424,1
356516,0
204060,0
99662,1
66301,0
49856,0
16572,0
314718,1
54355,1
107119,0
16357,1
178746,1
32865,0
326967,0
185339,0
157434,0
31106,0
137047,1
108037,1
192748,1
255758,0
247407,1
106274,1
32481,0
273098,1
381110,1
195027,1
375918,1
387055,1
394450,0
373849,1
169823,0
28981,0
226081,0
263537,1
337540,0
249356,1
224444,1
254252,0
367724,0
118315,0
3159,0
295738,1
54752,1
246615,0
128244,1
317452,1
178403,0
253786,1
133136,0
396697,1
386560,1
66805,1
295340,1
242434,0
395956,1
35126,0
374876,0
160036,0
230367,1
85826,0
5670,1
148028,0
303745,0
381222,0
104862,0
190851,1
253370,0
247017,0
313057,0
404956,0
284162,0
103186,0
339635,1
3238,1
100501,0
243207,1
337834,0
222930,1
120320,1
404186,1
281681,1
343708,0
152795,1
215862,1
343631,1
2951,1
142292,1
173653,1
100522,0
26352,0
12510,0
268373,0
37665,1
228308,0
131742,1
406165,0
65937,1
395285,0
124236,0
332356,0
225679,0
176297,1
372590,0
244845,0
20800,0
379377,1
90332,1
141083,0
240181,0
38982,0
177589,1
218393,0
252602,1
1523,1
155923,0
322558,0
15144,0
384130,1
65277,0
70032,0
378345,1
353526,1
98887,1
79680,0
410786,0
286882,1
341783,0
320016,1
100885,0
130863,1
59345,1
263977,1
140441,1
194239,1
45983,1
85342,0
92621,0
261467,1
244310,0
94178,1
310102,1
403574,1
368356,1
328399,1
169794,1
402134,1
380251,1
31032,1
300722,1
275875,1
317587,1
162442,1
303167,0
70348,1
340676,1
228642,0
363776,0
120117,1
205103,0
367763,0
35829,0
288343,0
67714,0
403792,0
264271,1
378058,1
285051,1
225081,0
354008,0
127862,1
221359,1
391458,1
385678,0
391100,1
110551,1
121245,0
288468,0
116919,0
54552,1
16686,1
351921,1
18257,0
192011,0
306699,0
217549,1
19048,1
370554,0
237450,1
141505,0
94437,0
79248,0
359455,1
229661,0
307805,1
76300,1
197470,1
170590,1
303794,0
172771,1
378071,1
149523,0
361337,1
338806,1
132633,1
374161,0
45650,1
396414,1
118366,1
226306,1
55929,1
262925,1
181800,0
13394,0
201992,0
202499,0
98488,1
42156,0
128245,1
155292,0
408777,1
11102,0
357371,1
247198,1
121563,1
271148,1
228803,0
151869,1
340883,1
127874,1
227751,0
21161,1
287476,0
311600,1
269058,0
71925,0
313020,1
71148,0
288851,0
342949,0
231738,0
157424,0
32655,0
150636,1
34854,0
168946,0
59280,0
376223,1
226268,0
379890,1
94513,0
311151,0
226519,0
147311,0
81535,1
145246,1
176649,1
99147,1
146209,1
172776,0
13468,1
32005,0
333616,1
279829,1
228313,1
401104,1
96653,1
1410,1
48642,1
206759,1
411626,0
229204,0
361112,1
322309,1
39134,1
398965,0
159302,0
383055,0
217470,1
399042,0
163089,1
363434,0
299697,1
141510,0
14805,0
117338,1
146212,0
404407,0
357444,0
104449,0
259480,0
303748,1
137698,0
6406,1
208556,1
254474,1
381393,1
347968,1
341646,1
63504,0
304450,0
71264,1
143420,1
211849,0
182104,1
365573,0
350291,1
5713,0
332633,0
154987,0
206192,0
235266,1
174275,1
300030,1
164264,0
75876,0
261272,1
71458,0
311087,0
64161,1
380186,0
19757,0
126001,1
295407,0
360198,0
102516,1
279649,1
287485,0
389977,1
341890,1
171489,0
108995,1
306528,0
290307,1
313966,1
174745,0
42509,1
231215,0
266803,1
342831,0
91161,0
80094,1
325058,1
281587,1
240006,0
378233,1
189637,1
172695,1
196525,0
370645,0
49050,1
236783,0
406516,1
284775,1
83371,0
255786,0
276925,0
351276,0
333117,0
192058,0
288726,0
65783,1
80251,0
335935,1
187474,1
370015,1
252272,0
308822,1
100360,1
346403,1
228406,0
272960,0
165229,0
365531,0
79497,0
162477,1
55530,0
231299,0
94571,0
386399,0
236930,1
386906,1
376315,1
118683,1
214703,0
165033,0
245993,0
29748,1
140545,1
155585,0
79919,0
69602,1
101371,1
231650,1
197259,1
353392,1
110409,1
191481,1
178091,0
223334,0
232137,0
132951,1
234178,1
319639,0
150557,0
295486,0
178192,1
114219,0
22293,0
214301,0
228374,0
291353,0
287533,0
1985,1
265691,0
22251,0
130803,0
252776,1
18003,1
58363,1
259468,0
339654,1
227673,0
336099,1
171328,1
397927,0
235334,0
339972,1
94794,0
320894,1
160257,1
365871,1
45043,0
325201,1
82944,0
29830,0
222962,0
312414,0
117955,0
257384,1
39159,1
85555,1
225714,1
158924,0
402142,1
110682,1
309313,0
414,1
112356,0
153687,1
128998,0
388219,1
92894,0
347759,1
397514,0
169633,0
266686,0
2337,0
135576,1
271678,1
35788,0
277202,1
164718,1
147950,0
392127,1
285256,1
379424,1
270498,0
365020,0
31809,0
240974,0
285786,1
138617,0
3629,1
212338,1
64034,0
250047,0
374881,1
282308,1
296396,1
361039,0
406332,1
266836,0
156714,0
385679,1
216951,1
333609,0
310932,0
333659,1
150962,1
327362,0
45246,0
14020,0
398317,1
392168,0
43700,1
103782,1
195794,1
121254,1
86943,1
341796,0
304160,0
18800,0
276387,0
294595,1
66671,0
114845,1
302952,1
247420,1
131967,1
393462,1
165214,0
349576,1
245123,1
312471,0
328379,1
294982,1
324825,1
83934,1
131644,1
276291,0
68779,0
95399,1
129968,0
226844,0
258187,1
83021,1
349030,1
228877,1
252276,0
91195,0
273454,1
155721,0
368459,1
186768,1
411311,0
296723,1
156179,1
157104,0
237587,0
71822,1
165916,0
296648,1
180734,0
19952,0
232801,1
48896,1
5246,0
30929,1
319437,0
242463,1
279503,1
309333,0
308023,0
89283,1
79493,0
5180,1
234820,1
28478,0
353619,1
46354,0
107484,1
248525,0
94412,0
24805,0
350517,0
8122,0
114089,0
229418,0
46042,0
366233,1
371293,0
129990,1
242402,1
22859,0
144212,1
311520,0
9859,0
325562,1
262572,0
287038,1
383415,1
251514,0
12121,0
240702,0
322295,0
169098,0
172830,1
69437,1
364902,1
172624,1
31708,0
108003,0
324032,0
282837,1
352655,1
375796,1
129688,0
145027,1
295679,1
43262,0
16764,1
76238,0
389918,0
362293,1
240360,0
299175,1
74505,1
113618,1
333073,0
173119,1
170247,0
59864,1
211303,1
312673,1
98987,1
173881,1
125642,1
206861,1
149767,1
261599,0
412037,0
8557,0
65955,0
328524,0
192679,0
55260,0
78013,1
106992,1
280933,1
105881,1
28440,0
27434,1
221681,1
6346,0
340176,0
390474,0
312020,1
330368,1
57778,0
51358,1
376335,1
228705,1
216205,0
406412,0
32181,0
140035,1
67027,0
203472,0
200580,1
239375,0
207980,1
142714,0
203731,1
267291,0
389820,1
209986,1
44707,0
329726,0
84594,1
387624,1
207033,1
186050,0
136886,0
303133,1
375472,0
215566,0
146866,0
162029,1
130250,0
68380,1
175132,0
212316,1
247915,1
42606,1
186779,1
117824,0
178053,1
336365,1
375069,1
139351,0
98929,0
150139,1
275005,1
345499,0
117181,1
307955,1
229281,1
218265,1
51507,1
25508,0
156318,0
301354,1
242776,1
212235,0
30676,1
186318,1
158304,0
49085,0
382857,1
193792,0
303281,0
387505,1
106479,0
236826,1
266610,0
275449,1
284106,1
249934,0
57773,0
187971,1
67179,0
155405,1
377125,1
6370,0
165894,1
28009,0
405241,0
293048,1
401296,1
14173,0
189821,1
378958,1
1341,1
256761,1
42876,1
168231,1
279881,1
311596,0
86473,0
177186,1
133541,0
364575,0
44812,0
35565,0
287688,1
22104,0
173368,0
354186,0
33518,1
43318,1
57985,1
204550,0
100898,1
229095,1
401621,0
237920,0
294761,1
278162,1
323676,1
187874,1
59523,0
326246,0
316879,1
63776,0
13342,0
47797,0
74620,1
236659,0
274550,0
248907,0
289568,1
304176,0
270820,0
15061,1
359970,1
60031,1
314788,1
141567,1
195847,1
189314,1
182762,0
153725,0
79472,1
324964,1
390187,1
119310,0
401749,1
393017,1
265419,1
14500,0
232155,1
408324,1
313725,1
42839,0
376319,0
172785,0
290543,0
51130,0
342738,0
344930,1
71149,0
404592,0
324489,1
14557,0
185435,1
26868,0
174276,1
211616,0
276777,0
357643,0
386960,1
129428,1
79973,1
290861,0
175078,0
282637,0
251840,0
310538,0
66196,0
203326,0
168072,1
303908,0
250716,1
300739,0
379395,1
50062,1
186272,0
262775,1
407477,0
91295,1
7893,0
326274,0
404194,0
106982,1
205473,0
106987,1
31360,1
170134,1
300960,1
10112,0
214175,1
61957,0
285852,0
368172,0
291312,1
287751,0
407471,1
314594,1
124254,1
198058,1
321656,0
133092,1
88291,1
265762,0
221765,1
205363,1
126505,1
288824,0
263951,0
37080,0
67005,0
80204,1
184414,0
32863,1
1801,0
99389,1
186858,1
110236,1
132872,1
247401,1
343096,0
351465,0
202060,0
83673,0
47042,0
19022,0
75820,1
372328,1
284573,0
205758,1
302158,0
38094,0
18505,1
133519,1
243378,0
156677,0
103609,1
56625,1
136537,0
282468,1
165171,0
579,1
358788,1
133464,1
64306,1
399600,1
246565,0
17589,0
33536,0
342911,1
375998,1
320837,0
173395,1
334954,1
404078,1
411396,1
107949,0
217751,1
373272,0
251957,1
320660,0
207206,1
315873,0
246733,1
318080,1
262806,1
192682,1
137529,0
301596,0
130721,0
334660,0
354388,0
69216,1
168565,1
282357,1
12219,0
339860,0
374146,1
395134,1
297432,1
404314,0
23479,1
101581,0
315835,1
407846,0
331194,1
110553,1
86009,0
87760,0
342240,1
116434,0
205106,0
109150,1
321565,1
306859,1
34259,0
35618,1
327247,1
237141,1
209406,1
407377,1
230346,0
238180,1
152945,1
335448,1
73036,0
401417,0
328817,1
208154,1
35516,0
88245,0
49574,0
308504,1
206159,0
18190,1
19840,1
144860,1
215613,1
38452,0
149627,1
254860,1
345813,0
277706,0
68276,1
250119,1
202837,1
156019,0
6045,1
123004,1
30279,0
99551,1
349059,0
149641,1
257748,0
372678,0
115065,0
398028,0
97399,1
127051,1
197784,1
121364,1
385368,1
58030,1
87233,0
300320,0
293134,1
230094,1
137733,0
151785,0
153827,1
262299,1
157156,0
375380,1
263924,0
224995,0
2941,1
204355,0
88486,0
406350,1
57652,0
268345,0
8551,1
402577,1
206583,0
335997,0
23651,0
14681,1
20231,0
20821,1
53890,0
57606,0
52623,1
146061,1
247553,0
260389,1
224670,0
322119,0
60849,1
366133,1
86688,0
301562,1
130907,1
39863,0
119159,1
30187,0
247609,1
277731,0
263498,1
122944,0
136327,0
103451,0
318063,1
378756,1
84783,0
365278,1
161226,1
227975,0
395548,1
323852,0
322416,1
242084,1
61800,0
358520,1
302663,1
271652,1
156519,0
18229,0
369481,1
313510,0
27341,1
296367,0
43369,1
387082,1
197204,0
8649,0
399943,0
38152,1
211400,1
28101,0
256611,1
399495,0
22154,0
97711,1
63512,1
166543,1
301064,1
136928,0
216148,0
273011,1
81129,1
132585,1
83036,1
226030,0
296789,1
286232,1
129641,0
278005,0
317930,0
208807,0
193238,1
217486,0
377167,1
240219,0
98235,1
177955,1
215057,0
395444,0
143108,0
411879,1
371841,0
321824,0
340551,1
355843,0
135258,0
394522,1
319730,1
114334,1
134392,1
238285,1
350871,0
353501,0
232781,0
190033,1
3825,0
355178,0
2960,1
226148,0
77577,1
23051,0
60890,0
54427,0
409867,1
149975,1
114153,0
295954,1
16854,1
308126,1
104693,1
377541,1
20089,0
56198,0
355647,1
96260,1
232822,0
406677,0
24470,1
182383,0
381090,1
69922,0
307142,1
143571,1
175077,0
244075,1
380877,1
188911,0
382768,1
306297,1
304333,1
145366,1
248734,1
7798,0
162780,1
405022,0
4852,1
321937,1
329199,0
104753,0
356758,1
7226,0
145912,0
60228,1
270688,1
368522,0
180976,0
208995,0
132131,0
408874,1
310077,1
37603,1
225788,1
308845,0
39375,1
79369,0
83700,1
196270,1
202782,1
87893,1
309410,1
297172,1
410348,1
286595,0
321740,0
198407,1
254364,1
209149,1
225032,0
285613,1
156626,1
357332,0
42161,0
44662,1
165146,1
319488,1
46796,1
62359,1
91244,0
251815,0
208751,1
105079,1
311525,0
394098,0
114980,1
404471,1
118339,1
166324,0
386858,0
246150,1
43833,1
140968,0
176613,1
208887,1
68907,0
411223,0
56824,0
298712,1
17822,0
42430,1
209626,1
33938,1
268927,1
219991,0
879,1
92951,1
33797,1
92543,1
182099,0
195933,1
276374,1
11946,1
269593,1
204030,1
396114,1
43841,1
329981,1
85379,1
311020,0
363758,0
117418,1
273836,0
208786,0
202275,0
292410,0
299546,1
8755,0
235471,1
326155,1
59861,1
148063,0
177509,1
304585,1
67728,0
298408,1
74627,1
394678,0
96494,1
206414,1
137982,1
86585,1
31776,0
176923,1
311428,1
168955,0
145851,1
180105,1
19531,0
270229,0
396925,1
405097,1
98213,1
205424,1
291200,1
167208,1
13107,1
310475,1
410084,1
222763,1
25000,1
349662,0
8689,0
278263,0
284326,1
59410,0
127654,1
349296,0
258629,1
182873,0
267540,0
351095,0
309766,0
319520,0
2165,0
43184,0
330508,0
240310,0
236979,1
81646,1
24961,0
264675,1
335101,0
211378,0
97005,1
221371,0
411063,1
145697,1
363282,1
291218,1
278527,1
253732,0
113519,1
94975,0
43264,1
51144,1
170807,0
52147,0
351827,0
16550,1
314325,1
390166,1
36306,0
145866,0
45581,1
267650,0
267606,1
113695,1
383571,1
30116,1
117185,1
394297,0
146294,1
385834,1
308451,1
73809,1
195969,1
164641,0
102802,1
264316,1
118105,0
315448,1
219892,1
197519,0
10177,0
354937,0
332476,0
334385,0
255143,0
41823,1
263487,1
13858,1
225586,1
164353,1
71674,1
141339,1
207902,1
327428,0
6463,0
119564,1
381516,0
161287,0
289885,0
87645,1
128412,1
349267,0
205454,0
97053,0
155499,0
172221,0
225233,0
178900,0
126829,1
240077,0
99051,0
224968,1
196655,0
3051,0
246190,0
248120,0
117710,1
305435,1
269471,0
239738,0
302262,0
363959,0
315796,1
230776,0
24145,1
294903,1
196149,0
209248,0
146964,1
271122,0
1644,0
271282,1
146689,1
355570,1
76311,1
103858,1
326558,1
191166,1
302793,1
393645,1
357496,1
76025,1
319564,1
389783,0
299794,1
370508,1
70020,0
67309,0
367405,0
305778,1
124297,1
396762,1
57958,0
364156,0
270055,0
335826,1
51449,1
237956,0
170858,0
398198,0
267502,0
258303,1
252140,0
356822,0
173714,1
250450,1
149717,1
239706,1
284836,1
133229,1
115941,1
242655,0
322217,0
181799,0
335835,1
366194,0
387395,0
235963,1
193183,0
285701,1
257221,0
267089,0
11224,1
35003,1
161049,0
272197,1
115393,0
313313,1
67153,0
116981,0
280030,1
158678,0
339781,1
350950,1
266919,0
28269,0
1168,0
285004,0
144797,1
88398,0
268783,0
257047,1
132144,1
375306,1
215979,0
123947,0
27182,0
86640,0
176647,1
127472,1
245670,1
282228,1
301305,1
185929,1
257971,0
40452,1
315250,1
310184,0
210470,1
71967,0
109169,1
164488,0
77929,0
336742,0
116700,1
46700,1
127635,1
401455,0
182492,1
171996,0
176380,1
299285,1
290979,1
249834,1
110406,1
179070,0
243255,1
225228,0
2898,0
255917,0
7967,1
384152,1
408675,0
34251,0
110124,0
238549,0
183479,0
32028,0
393684,0
254692,0
242833,1
299799,1
69011,0
293061,1
120528,1
75430,1
335899,0
273834,0
368645,0
304292,0
114688,0
133978,0
165806,1
275506,1
117138,0
16068,0
396862,0
166390,1
121041,0
403355,1
131977,0
310756,1
208641,1
96165,0
204019,1
315656,1
254606,1
120058,1
100613,1
200678,1
114414,0
309610,0
169550,1
50075,0
275741,1
67865,1
191771,1
159132,0
95992,1
391268,1
289814,1
202862,1
5296,1
156568,0
99618,1
136901,0
187774,1
14363,0
336509,0
349171,1
284740,1
33576,0
255080,0
85621,0
154817,1
296440,0
224285,0
252573,1
372524,0
208839,1
67778,0
268690,0
167471,1
406465,1
35720,1
392526,0
689,0
322466,0
394838,0
404025,1
380429,0
245441,1
333288,1
132037,0
35715,0
11305,1
217730,1
293771,1
339874,0
411682,0
64899,0
79807,0
30350,1
18527,0
58300,1
408958,1
368319,0
157147,1
109583,1
69119,1
260277,0
248473,0
193845,1
134001,0
98231,0
205183,1
160673,0
351046,0
57272,0
225349,1
214400,1
78968,1
357135,1
79659,1
121291,0
223313,0
171305,1
284397,0
394276,0
27741,0
96449,1
337580,1
350505,1
201698,0
160979,0
244217,1
115532,1
354050,1
289479,1
227684,1
109946,1
182045,0
266807,0
74009,0
125351,0
203658,1
294339,1
178861,0
279474,1
124261,1
259845,1
139658,1
91377,1
5914,0
340679,1
93488,0
196572,0
133959,1
84669,1
201627,0
51736,1
304351,0
396832,1
231291,0
273318,1
249564,0
92943,1
360721,0
241824,0
121193,0
366347,1
47393,1
190897,1
113397,1
259175,0
36861,0
28862,0
399380,1
344787,0
192573,0
383627,0
61760,0
340066,0
202166,1
398303,1
331594,0
110125,1
54623,0
365864,1
54222,0
167458,1
67512,0
48364,1
206633,1
16685,0
182561,1
287539,0
22428,1
231080,1
261735,0
51088,1
5602,1
411829,0
385707,1
392767,1
365260,1
157792,1
395334,0
113953,1
383604,1
409954,0
214302,0
199695,1
127597,1
139336,0
75425,1
30678,1
225043,1
25299,0
360535,1
76799,1
138837,1
58606,1
380584,0
222232,0
155717,0
214973,1
363517,0
409250,0
214837,1
364116,1
161684,1
130127,1
130041,0
285103,1
314340,1
387397,1
226881,1
356090,0
149685,0
18792,0
50088,1
154574,1
66217,1
169471,0
126186,1
339931,0
134775,1
127046,1
303601,1
107207,1
330723,1
185576,1
273360,1
342680,0
16502,0
159230,0
363294,0
312085,1
48720,1
227602,1
204822,0
348517,1
349740,0
411494,0
168295,0
337424,1
363167,1
143717,0
17853,1
15485,1
105133,1
93713,1
368532,0
331129,1
32564,0
121012,0
167634,1
297308,1
60960,1
19258,0
93258,1
143088,0
154977,1
255840,0
18597,0
341397,1
255254,0
369113,0
185176,0
397185,0
281501,1
411351,1
408939,1
351786,0
278470,0
198590,1
303038,1
385511,0
142145,1
184544,1
19820,0
311448,0
48471,0
205291,0
267707,1
22572,0
156923,1
242136,1
83198,0
117441,1
303975,1
200982,0
239849,0
18732,1
354913,0
132505,1
237278,1
279049,1
316595,1
43051,1
69008,1
150894,0
122887,1
121952,1
61747,1
192466,0
186680,1
260273,1
125896,1
48711,1
362814,1
308469,1
49047,1
102212,1
55368,1
328697,0
396569,1
59555,1
62310,1
171597,0
322720,0
224984,0
282382,1
167738,0
367287,1
382267,0
172760,1
198769,1
342589,1
269445,0
384950,0
181200,0
185214,0
201297,1
405725,0
289265,0
261792,0
295735,0
334416,1
374118,1
387422,0
54437,1
168449,0
67343,0
130844,1
256395,1
284885,1
249375,1
292366,1
308121,0
310918,0
305420,0
7649,1
70204,0
336689,1
264979,1
357040,0
34443,0
507,1
270043,1
163886,1
175848,1
54404,0
81731,1
366082,0
317049,1
214462,0
263470,1
253366,0
34657,0
352708,1
406868,0
107676,0
289298,1
219970,1
54230,0
71554,1
138546,1
3156,0
412035,0
292481,1
111590,1
302735,1
260473,1
213678,1
64523,1
329574,1
361397,0
309067,0
187670,1
49264,0
155031,0
202293,0
206216,1
104908,0
87102,1
266680,0
82190,1
386382,1
62616,1
340406,1
372713,1
94381,0
400776,1
64206,0
207232,1
18157,1
16081,0
386090,1
211901,0
298500,1
135043,1
163345,0
1697,0
201063,0
262961,0
127661,1
36618,1
313731,1
37251,1
332101,1
74655,1
137653,0
329637,0
9867,1
82270,0
339990,1
185087,1
305750,1
9208,0
178405,0
399540,0
242528,1
183576,1
283850,1
286421,0
223722,0
173488,0
351709,1
38450,1
324753,0
401535,1
132320,1
75637,0
258576,1
73986,0
147018,0
408284,0
192623,0
203799,1
102964,1
391446,1
97238,1
72614,0
161457,1
325629,1
168992,1
167483,0
267604,0
367504,0
366644,1
94251,1
411636,0
234850,0
4385,1
107131,0
262783,1
150223,1
352836,1
144086,1
22734,0
152233,1
21440,1
394438,0
139209,0
209993,1
257669,1
336686,0
1977,0
133418,0
32701,0
60145,0
156123,0
396713,1
226237,0
297487,0
13990,0
369582,1
205104,0
313580,0
27806,0
390301,1
402277,1
209250,1
142039,1
269859,1
274714,0
403126,0
23947,1
28727,1
328283,1
158753,0
62502,0
172096,1
397317,0
136477,1
190642,1
380945,1
143619,1
220215,1
230845,0
304287,0
289191,0
122528,0
320396,1
406420,0
191629,1
284787,0
271996,1
45390,0
152187,1
298483,1
215658,0
360003,1
143323,1
259244,0
68206,1
96808,0
265688,0
132545,0
337858,0
44444,1
69340,0
375550,0
107416,1
209949,1
276130,1
313056,1
76640,0
149355,1
145893,0
280750,0
168501,0
197970,1
81203,0
308226,0
358488,1
27097,0
197670,1
385646,1
379262,1
175669,1
158686,1
71461,0
254420,0
163317,0
284551,0
131745,0
17596,1
375494,1
282597,1
18820,1
101990,1
330561,0
120349,1
258193,0
325479,1
139260,0
360080,1
384637,0
140582,0
17670,0
199076,1
312724,1
368377,1
211858,0
18507,1
229119,1
125429,1
61687,1
308898,0
289961,0
267845,0
262642,1
108737,1
88089,0
98815,0
26986,0
269455,0
350074,0
9834,1
352749,1
203240,0
256922,1
230981,1
2423,0
403467,0
167743,1
178600,0
242343,1
149686,0
389817,1
97909,1
255838,0
362695,1
410321,0
1200,0
184930,0
408403,1
80161,1
342659,0
29339,0
3100,0
24401,1
309213,0
255072,0
18467,1
15845,1
95112,0
293089,0
312640,0
52201,0
327589,1
346847,1
146737,0
228303,1
253910,1
326457,1
301748,0
175301,0
2395,1
55171,1
146963,1
40389,0
294389,1
236135,0
92578,1
206419,1
35681,0
211202,1
62784,0
300625,0
178574,0
233442,1
223614,0
87930,1
101941,1
43091,1
71877,1
377473,0
13401,1
126573,1
167701,0
182372,0
278583,0
63687,1
77162,0
402414,1
342076,1
19337,0
259955,0
287342,1
110614,1
341396,0
368334,0
303963,0
138804,1
196815,1
220876,1
273959,0
347057,1
62666,0
323809,1
348913,0
376857,1
107284,1
84799,1
343668,1
376204,1
13881,1
78702,0
320534,0
20340,1
405997,1
3085,0
338857,0
30011,1
395831,1
359239,1
121055,0
105093,1
359760,1
307598,1
84906,0
293671,0
64064,1
284211,0
33500,1
246825,0
247154,1
103981,1
401478,1
377146,1
85944,1
383906,1
356127,1
198913,0
200533,1
277323,0
47063,0
397486,0
275258,0
179464,1
66608,0
41958,0
84018,1
132426,1
318898,0
327359,1
165709,1
336955,1
119950,0
128533,1
232752,0
339984,0
71560,1
248418,1
159434,0
141348,1
22409,0
283077,1
255245,0
379991,0
376974,0
383939,1
361762,0
128665,1
30795,0
248540,1
381685,1
1182,0
257213,0
101277,1
88099,0
377903,1
77635,1
255785,0
784,1
343508,0
102428,1
410793,1
399173,0
21654,0
291480,1
394665,0
35576,0
94557,1
394905,0
66028,0
309523,1
396921,1
228425,1
316665,0
252309,0
298206,0
215268,1
376539,0
175696,1
44326,0
226928,1
136077,1
262423,0
19000,1
346147,1
346229,1
24577,0
64907,0
44912,0
202139,0
153205,1
21883,0
18457,0
350339,1
289128,0
303229,0
238622,0
151381,1
240913,0
254380,0
19498,0
361053,1
87544,1
262816,1
7717,0
284054,1
150916,0
242661,1
179923,1
55389,1
197025,0
11402,1
361904,1
241269,0
14914,0
146461,0
361774,1
30055,1
7600,1
272379,0
2931,0
336221,0
358272,0
14022,1
141986,0
269626,0
105210,1
391068,1
339943,1
347092,0
304447,0
117649,0
171675,0
357106,1
387875,0
269406,0
334895,0
384960,1
34292,1
24681,1
404342,0
184480,1
185111,0
45917,1
118223,1
408191,1
83194,1
402787,0
140513,0
353975,0
283484,0
405379,1
67445,1
394334,0
275815,0
409820,1
300556,1
114443,1
43536,0
326837,1
89901,1
301701,1
2097,0
252647,0
55234,0
215384,0
360523,1
41856,0
107945,0
334992,0
385994,1
395498,0
257113,1
4985,0
332749,1
244290,0
6295,0
122171,0
337302,1
263980,1
131704,0
61961,0
69527,1
229108,1
138637,1
36506,0
10154,0
41130,0
289451,1
354606,1
305977,1
226668,0
356949,0
273508,1
360631,1
346276,1
74339,0
411208,0
382190,1
240425,1
184680,1
333766,1
240010,1
332503,0
340003,0
98292,1
295572,0
34770,1
83182,0
109244,1
372625,1
354287,0
278748,1
103194,0
196942,0
89872,1
223090,0
209383,0
370123,0
157608,1
24439,1
89779,1
81483,1
347895,0
253372,0
82423,1
133510,1
210268,1
385939,1
242513,0
74194,1
223431,0
314731,1
56031,1
163164,1
139401,1
342027,1
193123,1
91223,1
13515,0
211664,0
270807,0
219538,0
3083,1
208817,1
52865,0
403353,0
257928,0
214708,0
3336,0
260960,1
53884,0
303957,0
349436,0
195604,1
61166,1
173566,0
229614,1
158764,0
200285,1
30254,1
238747,1
244044,1
150771,0
157041,1
227910,0
107852,0
26652,0
407362,1
26912,0
24995,1
309380,0
134751,1
76527,0
264024,1
311145,0
174144,1
351903,0
49634,1
228274,1
135557,0
220442,1
155193,1
407540,0
78611,1
390463,0
27937,1
112094,1
400671,1
384571,0
399624,0
42549,0
333369,0
78454,1
327979,1
254524,0
60051,1
105516,1
27536,0
360688,1
134954,0
44296,0
277992,0
110204,1
217561,0
80716,1
369252,1
323456,0
177121,1
248389,1
206685,1
8403,0
250008,1
156428,0
112965,0
15471,1
328987,1
117657,0
107712,0
411596,0
2841,0
384257,1
200530,0
288275,1
61376,0
381783,1
114928,0
107415,0
111212,1
223108,0
340371,1
283541,0
253577,0
103188,0
317129,0
219150,1
307961,0
404512,0
216015,1
265612,1
228997,0
302650,1
407318,1
257193,0
27994,1
299531,0
287888,1
345767,0
287144,1
58966,1
325906,0
272113,1
50135,0
387105,1
228079,0
130540,0
375925,1
65554,1
273814,0
176741,1
52602,1
320709,1
330302,1
129166,0
370210,0
107726,0
200074,0
12481,1
266062,1
198888,1
257003,0
5472,0
118046,0
13665,0
284085,0
265841,0
159295,0
87284,0
171087,0
140188,1
119966,1
410532,0
156589,0
181344,1
215937,0
399537,1
66326,0
379390,1
44744,0
40387,1
148692,0
365632,1
121114,1
215951,0
382803,1
56725,1
297970,1
229681,0
103471,1
61610,0
152248,1
119034,1
337211,0
99578,0
352875,1
372621,0
22001,0
596,1
91967,1
343189,0
179140,1
298168,1
129051,0
33223,0
129812,0
212881,1
196191,1
65329,0
328502,0
41440,1
794,0
205765,0
305023,0
302926,0
339701,1
311945,0
329356,1
171497,1
92092,0
129350,1
233015,1
333338,0
288521,0
4509,0
373131,1
259925,0
55393,1
344865,1
149364,1
32830,1
308220,1
154868,1
27405,1
92976,1
230571,1
107424,1
312559,1
8738,0
194205,0
363188,0
253930,1
302965,0
263903,0
68033,1
322522,0
261270,1
77755,0
40314,1
31804,0
22696,1
207326,1
46996,0
132296,0
77491,1
109696,1
124347,0
13077,0
357181,1
264683,1
407167,0
343442,0
21930,0
261663,1
42596,0
153706,0
301387,1
328126,1
114886,0
317795,0
274454,0
323800,1
151000,1
382476,1
204568,1
313810,1
377012,1
360690,1
160013,1
288403,1
81739,1
262255,1
226118,1
382349,1
130548,0
244672,0
223307,0
336931,1
171648,1
195995,1
95891,1
320074,1
127997,0
301162,1
122838,0
313874,0
322326,0
131481,0
400712,1
371047,1
148604,1
161400,1
353411,1
336313,0
171574,1
269717,1
349656,0
181131,0
134381,1
298441,1
68893,0
259938,0
62869,0
276275,0
276283,1
113807,1
30197,1
133589,0
134534,1
20474,0
76257,0
237212,1
312347,1
349326,1
273172,0
226704,0
29057,1
344875,0
88509,0
6900,1
409569,0
194510,1
251993,0
411591,0
127256,1
374566,1
123314,0
79153,1
388093,1
165161,0
318278,1
276592,0
300035,0
292473,0
114435,0
169643,0
94275,1
93800,1
66421,0
197800,1
183264,0
286631,1
286566,0
127930,1
407113,1
251657,1
255271,0
234640,0
252458,1
355956,0
125677,0
130499,0
171588,1
77744,1
33023,0
386470,0
129946,0
157222,0
236421,1
181710,0
30527,1
153909,1
29396,0
180970,1
148438,0
181908,0
331387,1
235480,0
130316,0
165045,0
58231,1
316403,1
327242,1
213687,0
358459,0
5189,1
9916,0
134844,0
31684,1
244915,1
389643,0
37381,1
166679,1
283854,0
375187,0
91435,1
57751,0
272419,1
66540,1
192807,0
154054,1
222995,0
129926,1
235203,1
3911,0
240001,0
387952,0
80868,1
91062,1
25313,0
773,0
67109,0
42864,1
84667,1
226527,1
137925,1
34545,0
209614,1
214863,1
114036,0
117561,0
350267,1
271789,1
193365,1
319210,1
65471,1
361023,0
290587,0
134260,0
233273,0
275643,1
1245,1
272416,1
46216,0
375483,0
91474,0
96906,1
321389,0
35880,0
317263,0
286457,0
351893,1
82358,1
175571,1
20824,1
91182,0
227665,0
68901,0
313557,1
69397,1
269275,0
403494,0
104792,1
87353,1
296403,1
210677,1
238930,1
291225,0
332855,0
286052,0
223214,1
5966,1
267435,0
189655,1
147254,0
34340,0
219394,0
207814,1
242421,0
308238,1
383056,1
91115,1
266672,0
263673,0
331106,1
36732,1
131344,0
223777,1
353896,0
120152,1
99464,1
310638,1
62190,0
358174,1
397781,1
351177,0
282133,0
1882,0
21460,1
265209,1
238874,0
406955,0
261089,0
284427,0
56605,1
4525,0
125940,0
399920,0
177834,1
147735,0
285918,0
113358,1
323933,0
302270,1
16133,1
138344,1
338472,1
53272,0
100980,0
6384,0
104208,1
99456,1
18700,0
306384,1
90666,1
90229,1
20022,0
67506,0
285384,1
290748,1
93985,0
305879,1
184766,1
107965,0
319632,0
274283,0
375186,0
44378,0
378964,1
39824,1
344774,0
22482,1
296004,1
178274,1
85771,1
34850,0
183645,1
35656,0
161649,0
188471,1
320303,1
116707,1
134250,0
182427,0
179060,0
93371,1
373409,1
411739,1
398219,1
172962,1
49374,1
109007,1
298998,1
401496,1
32353,1
105181,1
100773,1
48754,1
43403,1
155557,1
149106,1
122062,1
30868,0
364105,0
109514,0
204643,1
277195,1
195146,0
171301,1
214050,0
3936,0
53078,0
121022,0
374880,0
126826,1
46766,1
221348,1
60452,1
85314,1
22190,0
201270,0
113230,1
285935,1
313134,0
63809,1
410618,0
374079,1
150777,0
61280,1
289942,0
49841,0
255174,0
139358,0
7676,0
303527,1
265928,1
165748,1
72013,0
352694,0
59777,1
271544,1
403881,0
227618,1
336797,1
405126,1
170045,0
44861,1
370418,1
52528,0
165189,0
35349,0
64652,1
50005,1
390851,0
11612,1
270926,0
202246,1
363731,0
287614,0
142643,1
17856,1
102863,0
113035,1
411977,0
263876,0
269780,0
396498,1
229089,0
76839,0
173506,0
317563,1
154919,1
136852,0
390558,1
299196,1
334252,1
343032,0
302904,1
275116,1
301258,1
298413,1
228323,0
155002,0
228153,1
195161,1
179711,1
348965,0
155041,0
285787,0
280210,1
9747,1
404752,1
99788,1
405940,0
391846,0
159494,0
393607,1
353097,1
402959,1
60651,1
114287,0
101789,1
185697,1
79860,1
211414,1
313040,1
404456,1
379045,1
20367,1
403299,1
228424,0
113450,1
354375,0
67669,0
217246,1
288739,0
112981,1
81,1
58475,0
394339,1
20170,0
265343,1
86310,0
188090,1
32852,0
239616,0
68505,0
273297,1
273584,1
247943,1
81320,0
202302,0
129699,1
81518,1
378728,1
88304,0
123934,1
193722,0
125312,0
314260,1
241244,0
273199,1
10815,1
298828,1
353566,1
219152,1
258143,0
73540,1
46361,1
307292,0
246544,1
105664,0
355148,0
172147,1
294868,0
206551,1
248508,0
254970,1
341635,1
324961,0
328144,1
129164,0
236204,1
227365,1
368902,0
149213,0
59914,1
244283,1
189840,1
5871,0
30774,0
372801,1
3468,0
90668,1
107706,1
46459,0
168331,0
317884,0
323340,0
104075,1
308792,0
318528,1
87024,0
173891,0
330296,0
339573,1
180240,0
18364,0
249936,0
170334,1
5744,0
80396,1
267560,0
344138,1
345518,1
144015,0
121533,1
139293,0
306572,0
339846,0
226856,1
341621,0
182273,1
13810,1
317172,0
346536,1
349637,1
318948,0
201168,1
360429,1
130154,0
134702,0
134573,1
9958,1
321060,1
114255,1
160202,0
47533,1
307326,1
154132,1
350957,0
246543,1
79313,1
215279,1
130341,0
169313,0
106560,1
137512,0
230989,0
297395,1
140657,1
210922,1
73477,1
395270,1
199351,0
84036,1
46300,0
137566,1
249358,1
1279,1
130533,0
405251,0
3049,0
261949,1
124600,0
67835,0
240430,1
262012,1
177102,1
235530,0
14904,1
207076,1
226505,1
38360,1
95746,1
34871,1
273606,1
164652,0
362361,1
203212,1
47871,1
89237,1
81055,1
298804,1
397595,0
98493,1
13125,0
47712,0
348100,1
159828,0
281184,0
237313,0
238365,1
12689,1
384760,1
354386,0
51925,1
73266,0
136302,1
132816,1
312723,1
100198,1
62741,0
94204,0
50841,1
388927,1
51297,1
54068,1
377129,0
120155,0
169246,1
386582,0
106871,0
146485,0
23889,1
39210,1
128264,1
173043,1
376289,1
261634,0
154722,0
311898,1
9096,0
395126,0
53785,0
111649,0
18178,1
347009,1
167114,1
274877,1
29735,1
35801,0
288888,0
365170,1
128646,0
311950,1
317740,1
70794,0
284629,0
134430,1
22317,0
163925,1
246598,1
241660,0
20110,0
94144,0
306526,0
235726,0
396681,1
348042,1
234999,1
244197,0
259691,0
55526,1
238596,1
337130,0
406768,0
360913,1
153697,0
567,1
342957,0
235626,0
373865,1
389346,1
22725,1
282720,1
161904,1
165428,0
376848,1
220179,1
369791,1
195376,0
278614,1
255429,0
209592,0
130294,0
373754,1
365334,1
400636,0
369653,1
160871,1
31331,0
149439,0
325863,1
22089,0
7819,0
311211,0
129062,0
149584,1
376503,0
3738,0
60698,0
8656,0
18817,0
38490,1
389642,0
41032,1
326653,0
43627,1
411610,0
31290,0
250678,1
272520,0
85047,1
189039,1
101139,0
58216,1
89395,1
396054,1
363170,0
274928,0
92695,1
42073,0
382376,1
371982,0
309221,0
338437,0
327516,1
262147,0
37879,1
271916,1
130267,0
365036,1
395685,0
109186,0
267991,1
278635,1
265948,0
344590,1
259656,0
201601,0
342618,0
248717,1
388179,1
39586,1
406456,0
378065,1
352314,0
286637,0
158070,1
290624,0
341394,0
173439,0
35953,0
42194,1
258293,1
398074,0
134959,1
70418,0
401057,1
248297,1
223298,0
155404,1
133214,1
324815,0
199342,0
407597,1
408169,1
307830,1
296178,1
255550,0
65940,0
65400,1
205672,1
33036,0
122087,0
351147,1
403169,0
156117,1
213511,0
275383,1
96206,0
237686,0
92192,1
226339,1
290011,1
216546,1
340062,1
363718,0
224528,1
192238,1
2758,0
344393,0
106616,0
251616,1
143300,0
163340,0
24101,0
393726,1
318530,1
350000,1
334117,1
215376,0
243427,0
223114,0
92352,1
356392,0
12467,1
120697,1
204837,1
136137,1
71321,0
87094,0
327770,1
33645,0
120531,1
350065,1
853,0
193659,1
107952,0
283777,0
45845,0
144179,1
353298,1
284523,0
117017,0
116592,0
49300,1
38818,1
380495,1
380771,0
355306,0
22066,0
30616,1
360102,1
376883,1
394570,0
1797,0
47059,1
314466,0
301046,1
1955,0
300733,0
240394,0
168544,1
132354,0
82780,1
98524,1
261320,0
65681,1
247971,0
150989,1
28897,1
325093,1
266642,0
170333,0
129772,0
106408,1
194334,0
105952,0
200394,1
149038,0
87715,1
348907,0
320868,1
382541,1
365536,0
88622,0
201236,1
192978,1
315860,1
372499,1
290606,1
38949,1
354452,1
115208,1
30467,1
170356,1
73639,0
257796,0
317983,0
277160,0
361268,1
20408,0
45282,0
6639,1
130534,0
287767,0
151250,1
321255,1
343450,1
408627,0
173489,1
202148,0
227206,1
160817,0
409313,0
276083,1
126023,1
218,1
130726,0
378628,1
16342,0
248489,0
67724,0
302806,0
212318,1
289749,1
13245,0
395301,1
107016,0
84974,1
349203,0
168941,0
62070,1
259590,0
73464,0
242212,1
179631,1
352295,1
304262,1
38216,1
241754,1
166973,1
30903,1
107980,0
223427,0
69933,1
77039,1
322499,0
328938,1
399619,1
249098,0
101423,1
138893,1
44355,0
292999,1
392755,0
186527,1
35572,0
269131,0
310781,0
361707,1
67068,0
219964,1
186767,1
74716,1
336648,0
60393,1
240370,0
185822,1
70933,0
172687,1
114449,0
371642,0
255936,1
387561,0
331406,1
26852,0
107005,1
216737,1
327344,1
246405,0
163873,1
175292,1
84057,0
23717,0
225753,1
353333,1
240557,1
284006,0
9977,1
62852,0
170556,1
158143,0
18181,1
226270,0
18600,0
5829,0
166419,1
287442,0
92683,1
274417,1
240108,1
22298,0
287387,0
139255,0
206174,0
387565,1
364396,0
247265,1
103806,1
170549,1
355958,1
107982,1
253415,0
316097,1
160360,1
197967,0
147197,1
176315,1
366647,1
154492,0
239982,0
31449,1
120497,1
150463,1
307746,0
156751,1
336236,1
122651,0
103853,1
355468,1
405951,1
318820,0
322774,0
180296,1
221943,0
34655,1
127082,1
101428,1
338995,1
404362,0
137516,0
206851,1
262676,0
297848,1
72437,1
247104,0
169071,0
41061,0
292627,1
59966,0
84429,0
16524,0
332958,1
180665,0
138439,0
20624,0
44813,0
320171,0
385657,1
25668,0
394903,0
62131,1
178597,1
297844,1
97886,1
291494,1
400801,1
402182,1
210288,1
67329,0
323380,0
3452,1
73895,0
184006,0
103395,1
161333,0
128791,0
70906,0
272595,1
331146,1
345471,0
214693,0
283270,0
242503,0
383197,1
27062,0
409222,1
383419,1
29291,0
213885,1
157654,1
373760,1
405999,1
86123,1
339569,1
246587,1
297991,1
270214,0
114829,0
8578,0
213482,1
361361,1
388939,1
248202,1
208296,1
149867,0
17421,1
2908,0
105420,0
255767,0
219057,0
335047,0
192016,0
95081,1
290533,0
184790,0
348959,1
223775,0
61411,1
357649,0
71746,0
275732,0
258163,1
116109,1
228220,1
3217,0
15528,1
162716,1
276892,0
195384,1
361073,0
347415,1
11848,1
178389,1
321891,1
316340,0
80757,1
148703,1
89169,1
87281,0
266102,1
138876,1
157939,1
340720,1
214499,1
403427,0
44104,1
269812,1
390270,0
132389,0
240845,0
34149,0
44646,1
221160,1
56602,1
46048,1
4135,0
193505,0
282914,1
33219,1
197128,1
200825,0
146342,1
279272,1
207450,0
81025,1
120459,0
10989,1
287830,0
277548,1
102677,1
321817,0
235483,0
115886,1
91095,1
155265,1
345067,0
117300,1
287771,0
218142,1
310831,0
170420,1
75489,1
228137,0
78206,0
9048,0
124124,0
139654,1
62094,1
330188,1
411276,0
64871,0
208010,1
322153,0
345609,1
98672,1
33217,0
27582,0
365584,1
81632,1
49457,0
211488,0
305593,1
119782,1
245604,0
116871,1
20912,1
35150,0
222285,1
211991,1
388639,1
300025,0
129142,0
255612,0
290556,0
147343,0
356939,1
127985,1
129953,0
352438,1
317537,1
300473,1
180893,1
28865,1
154,1
46666,1
317982,0
186875,1
272442,1
263684,0
76700,0
385877,0
348238,1
306609,1
409007,1
122502,1
226752,0
181948,0
118785,1
25619,0
280996,1
231153,0
386761,1
6471,1
104375,1
229834,1
391603,0
268879,0
149540,0
359362,1
303155,1
7992,1
147437,0
186142,0
18707,1
303221,1
215539,0
58603,1
6117,1
321701,1
51327,0
349717,1
215400,0
117623,1
172078,1
340278,1
12610,1
87733,1
19175,0
107771,0
229347,1
16833,0
66069,1
209875,1
33762,1
46986,0
15634,0
41426,1
34314,0
307339,1
22143,0
364565,0
162603,1
124136,1
214704,0
323565,1
156340,0
359711,1
299946,1
132550,0
82162,0
67495,1
105765,1
47995,1
397246,1
59197,1
250323,1
35870,0
322116,0
172829,1
44936,1
34468,1
207149,1
278976,0
141795,1
46686,0
359069,1
332934,1
313102,1
164260,0
249035,1
246040,0
212450,1
261246,0
114094,0
303628,1
337883,1
163365,1
311770,0
67469,1
155060,1
269761,1
308010,0
263677,0
174219,1
167260,1
223768,0
170713,1
175381,1
174975,0
243615,1
240568,0
169864,0
287451,0
125675,1
148196,0
221045,0
294286,1
91471,1
93951,0
258184,1
326319,1
193086,0
326461,0
74554,1
349885,1
360189,1
274422,1
239863,0
175250,0
88389,1
212224,0
41196,1
392285,0
262561,1
26936,0
411969,0
269918,0
173861,1
39115,1
96650,0
114392,0
308302,0
28725,1
174760,0
194126,0
104224,1
148300,0
78196,0
288361,0
21278,1
26976,0
96116,1
80469,1
66048,0
223665,0
175287,1
242360,1
82701,1
164548,1
111673,0
197695,1
119044,1
255771,0
285020,1
9746,1
409619,1
207703,1
344847,0
345198,1
212843,0
117716,0
386229,1
354282,0
190023,1
55762,1
127194,0
201558,0
213282,0
309274,0
283917,0
205838,1
144641,1
300322,0
215662,1
296379,1
88440,1
156815,1
261973,1
70753,0
269183,0
44127,1
326069,0
335355,1
84405,0
408635,0
131295,1
187564,1
411769,1
156464,0
292201,1
300881,1
330025,0
378537,1
327181,1
62820,0
147966,1
181246,1
170492,0
72137,1
299170,1
3210,0
166668,1
293620,0
345464,1
41676,1
164784,1
215696,0
266838,0
80832,1
370955,1
232603,1
81242,1
180603,1
8983,0
151744,0
277540,0
153079,1
108568,0
54680,1
10841,1
1492,0
155598,1
112749,1
373042,1
133234,1
282815,1
203852,1
19859,0
201429,0
377465,1
300815,0
135715,0
357081,1
130479,1
219065,1
395980,0
327312,1
135865,0
76600,1
101680,0
118577,1
339282,1
209488,0
257230,1
123492,1
363229,0
403991,1
253816,1
344406,1
150323,1
119908,0
210768,0
185519,1
354360,0
62581,0
160509,1
176798,1
71851,1
322926,0
340450,1
157764,0
163731,1
234158,0
242976,1
117963,0
118150,0
61758,0
18561,0
354536,0
353181,0
310708,1
153977,0
93643,1
255317,0
305482,1
196804,0
30287,0
87220,0
289849,0
234064,1
157488,1
6087,0
119168,1
167541,1
357638,1
359901,1
43160,0
95006,0
130676,1
229489,0
396381,1
5904,0
49993,1
692,1
387284,1
68069,1
215508,0
33530,0
318974,0
377692,1
361823,1
40339,1
229239,0
23043,1
60595,1
289389,1
225605,0
399547,0
344497,1
3723,1
396482,1
406989,0
40382,0
279792,0
157275,0
107845,1
58938,1
317564,0
302105,1
194268,1
97343,1
277399,0
333963,0
278052,0
347733,1
49523,0
245332,1
336946,0
101584,1
62651,0
361703,1
336372,1
312230,0
102375,1
146921,0
39889,1
327723,1
372840,1
295611,0
31228,0
71136,0
282062,1
118121,0
129163,1
81049,1
85596,0
373191,1
285983,0
199875,0
95368,1
179993,1
346047,0
99898,1
328627,1
93292,1
22402,0
162162,1
201048,0
240748,1
295387,0
173346,0
289016,0
279898,1
411197,1
122727,1
253759,0
208123,0
69418,0
159625,1
220083,0
342987,1
162988,1
168802,0
174985,1
81595,1
4244,1
305149,0
266687,0
99798,1
372406,0
245196,1
68031,1
230997,1
227007,1
354440,0
71767,1
30942,1
225998,0
151773,0
216184,0
382776,1
172376,1
169611,0
252035,1
275091,0
395091,1
181295,1
104463,1
146860,1
332981,0
121982,0
377637,0
91862,1
35633,1
406002,1
369425,1
314939,1
389271,0
369060,0
74191,1
280548,1
218459,1
351304,1
173322,0
287356,0
93960,0
141228,1
178626,1
266190,1
398982,0
226350,1
290797,1
287236,1
356232,1
198295,0
143273,1
298747,0
295476,0
316074,0
353960,0
58616,1
130566,1
137957,0
338949,0
58036,1
284933,1
27415,1
271119,0
352800,1
244910,1
154367,1
332009,1
211078,0
259358,0
213128,1
77558,1
3903,1
129734,0
270851,0
7512,0
115964,1
101197,1
77214,1
405447,0
378747,1
150291,0
190199,1
130129,0
335332,1
220706,1
86656,0
175510,1
211038,0
230088,1
126962,1
115267,0
3840,0
352421,1
56384,1
19375,0
125392,0
358537,0
238724,0
243930,1
99606,0
210328,1
32341,1
168641,1
8263,0
300658,0
265315,1
323021,0
15544,0
383232,1
220938,0
162498,1
197882,1
137489,1
125669,0
239950,1
186076,0
40349,1
56063,0
267126,0
156359,0
246909,0
223991,0
159752,1
316040,1
294398,1
361548,0
305455,1
46120,1
115482,1
156197,0
118900,1
100978,0
161343,0
349369,1
175854,1
354109,0
18620,0
60472,1
246984,0
403247,1
340613,0
184894,1
364414,1
38753,1
316070,1
377246,1
401050,1
399690,0
214744,1
226217,1
222991,0
394122,0
395651,0
45762,1
20050,0
364218,1
77900,0
280777,1
77583,0
83428,0
203885,1
87721,1
389913,0
213976,0
380047,1
126390,1
231256,1
122793,0
145997,0
35574,1
260594,0
73972,0
155698,0
290827,0
22590,0
247350,1
170205,0
56521,1
23773,1
83714,0
35597,1
406296,1
4213,0
263333,1
166469,0
64030,0
368065,1
251951,1
155978,1
385361,0
339544,1
267584,1
374213,0
365773,0
224290,1
219639,0
165616,1
178758,1
82415,1
356929,0
286380,1
174199,0
172821,1
357190,1
348934,0
92343,1
287425,0
274531,1
130030,0
83705,0
227967,0
99216,1
343872,1
183870,1
352470,1
324349,1
104710,0
266121,1
80999,0
280499,1
85838,1
276705,0
240451,1
301278,0
144687,1
332681,0
250293,1
111570,1
42290,1
80306,1
368354,0
216507,1
287571,1
324772,0
239786,1
132297,1
167217,0
147687,1
302107,0
100663,1
163424,0
375935,1
177249,1
19663,0
196235,1
243442,0
361786,1
114103,0
109831,1
174043,1
286635,1
230047,1
240723,0
34169,1
181558,1
74294,0
348218,1
112506,1
126210,1
242716,0
368932,1
217482,1
315442,1
155025,1
290269,0
73343,0
56941,0
65199,1
749,0
75424,0
369135,0
309013,0
5665,1
369667,1
78105,1
252098,1
85744,1
31816,0
196321,1
127081,1
253401,1
337190,0
41003,1
163787,1
368121,0
14499,0
259995,1
363841,0
243562,1
339204,1
41235,1
205398,1
229642,1
134206,1
196910,0
261376,1
101759,1
240733,1
170892,0
376807,0
318140,1
184559,1
155574,0
262311,0
394170,0
117823,0
142559,1
280237,0
221069,0
252692,1
356971,0
194700,1
375576,0
240699,0
129059,0
63206,0
68733,1
194177,1
240698,0
208353,1
248642,0
261672,0
309038,0
211833,0
57916,0
315817,1
165450,1
281438,1
356852,1
244194,0
359523,1
135136,0
23072,0
112744,1
158347,1
2427,1
392669,0
157295,1
61949,0
156151,1
406694,0
58887,0
128666,0
87010,1
311173,0
332368,1
200109,1
363506,0
114628,1
134569,0
19192,1
198406,1
116868,0
221157,0
298071,0
286155,0
244644,0
151200,1
319031,0
381271,0
57221,0
202516,1
210141,1
361749,1
105530,0
116283,0
43737,0
364185,0
296381,0
211132,1
333704,1
29737,0
89523,1
276208,1
181086,0
73298,0
263813,1
280172,0
319178,0
195036,0
225649,0
170202,0
30229,1
287785,0
235890,1
381337,1
135739,1
320714,0
220132,0
301830,0
197541,1
299890,0
113528,0
311779,0
255124,0
291449,0
39279,1
197311,0
353876,1
356524,0
168461,1
201509,0
299685,1
108753,1
84737,0
15819,1
390316,1
27977,1
396647,1
120532,1
313164,1
12132,1
67138,0
252806,0
32845,1
294523,1
378284,1
125635,0
114011,0
156504,0
199895,1
382025,1
258827,0
182225,1
31409,0
38759,1
5137,1
119227,0
287687,0
84256,0
363818,0
228284,0
166364,0
161355,1
3375,0
348097,1
83287,1
236696,1
374045,0
390369,1
257596,0
246472,1
321392,1
141209,0
85811,1
367735,0
163488,0
218709,0
106675,0
123596,0
176825,0
3469,0
360130,0
376629,1
330313,1
161853,0
99375,0
286188,1
110989,1
86863,1
65806,0
131010,1
165978,1
66626,1
159515,1
201013,0
42987,1
264268,1
261645,0
257257,1
271869,1
196264,0
400724,0
277912,0
332727,0
257544,1
71665,1
43491,1
171783,1
11902,1
369143,0
47606,0
240786,0
378485,0
304300,0
77229,0
406270,1
20233,1
125618,1
68744,0
325110,0
233487,1
311682,0
327918,1
222725,0
23257,1
380807,1
356148,1
194807,0
201794,1
90574,1
402604,1
146592,0
388857,1
263246,1
65913,0
101601,0
48956,0
61974,0
131276,0
287738,1
389068,1
315080,1
338950,0
21910,1
112017,1
350460,0
356599,1
406802,0
300588,1
389560,1
370791,0
13829,0
94952,1
218136,0
53227,0
68571,0
264665,1
238106,1
93885,1
117518,0
399421,0
222922,0
370772,1
92474,1
54625,1
2406,1
145991,0
326879,0
285377,1
85129,1
212507,1
33215,0
281878,0
322565,0
334259,1
329028,1
141238,1
174624,0
136805,0
138443,1
364016,0
299934,0
124280,1
288278,1
211064,1
300814,1
115278,1
155063,1
34623,1
92453,1
127552,0
244882,0
190729,1
350007,0
411044,1
179859,1
342237,0
141502,0
287891,1
54109,1
397209,1
35774,0
192616,1
315216,0
56909,1
127444,0
26295,1
97858,1
306493,1
340824,1
115336,0
261571,1
119807,1
305934,1
142561,1
330537,0
230814,1
134073,1
223573,0
173754,0
121261,0
183761,0
53307,1
287221,1
49493,0
392329,0
105818,0
195730,0
391898,0
388085,1
323644,0
11491,1
305015,1
61319,1
10645,1
93955,1
360793,1
114877,0
124047,0
407451,1
103375,0
16427,1
296073,0
144168,1
146272,1
182297,0
356220,1
260477,1
203227,1
282659,1
170344,0
159683,0
266933,1
219701,1
410345,0
390191,1
194430,1
133863,1
350348,1
293399,0
210487,0
225697,0
389681,0
112351,1
389646,0
365320,1
100001,0
215549,0
83131,0
183107,1
197373,1
347521,1
15668,0
76907,1
96107,0
320871,1
255772,1
121391,1
127624,0
175063,0
185840,1
103987,1
134687,0
235825,1
248929,1
78050,0
274754,1
256374,1
293146,1
241722,0
45578,0
125712,0
178673,0
103228,1
15253,1
101917,0
91824,1
119018,0
50638,0
357798,0
61863,1
201033,0
72669,1
73052,0
86578,0
274183,1
155847,0
94984,0
201743,0
406490,0
400082,0
137790,0
29404,1
269219,1
20360,1
383614,1
76563,0
74159,0
402983,1
377510,1
369741,0
145940,0
326435,0
404746,0
130799,0
321677,1
408257,1
270402,1
213420,1
312891,1
171684,0
251296,0
282737,1
7868,1
360789,1
194635,0
42089,1
231968,0
73071,0
407812,0
134108,1
371821,1
31453,1
270165,0
25587,0
70672,0
43773,1
189793,1
298148,1
322743,0
101663,1
35954,0
347825,1
126088,1
361838,1
10182,0
83255,0
258895,1
19602,0
273305,1
395347,0
42632,0
249042,1
6150,1
72725,1
145307,1
38642,1
319015,0
187952,1
44328,1
43622,1
128419,1
44625,0
313174,1
167092,0
374738,0
354353,1
38462,1
383989,1
3202,0
135997,0
9132,0
242600,0
180695,0
187896,1
193789,0
367042,1
286689,1
71003,1
347380,1
104408,1
188448,0
201753,0
231628,1
356437,0
399679,0
326910,0
88015,1
211834,0
270640,1
319566,0
165836,1
396815,0
39991,1
118308,1
272724,1
221869,1
100242,0
366099,1
151616,0
6826,1
149987,1
271188,1
398924,1
342998,1
344744,1
81232,1
267742,1
38968,1
122409,1
112721,1
93373,1
158135,1
86244,0
357888,0
383639,1
117786,1
279532,1
20317,0
128267,1
271037,1
1300,0
153986,0
173868,0
115036,0
30488,1
186241,0
130986,1
134514,1
5750,1
305565,0
393654,1
311256,1
385406,1
29369,1
259061,0
171319,0
60386,1
325851,0
40021,0
252073,1
225866,0
31568,0
177026,1
207752,1
325785,1
139414,0
220279,0
177864,1
343472,0
37848,1
244697,1
335216,1
154516,1
393205,1
132356,1
404068,1
26996,0
73364,0
169285,1
59504,0
257455,1
16852,0
81690,1
389245,1
354055,0
129198,1
16472,1
225880,0
225831,0
235919,0
358002,1
231245,1
358268,1
97784,1
311548,0
150899,0
299272,0
389457,0
164556,0
388809,0
267582,1
128546,1
27084,0
348040,1
390076,1
185871,1
386576,1
337507,1
67148,1
237213,1
98782,1
326663,0
23127,0
72874,1
401437,1
331551,0
76127,1
291718,0
398581,0
369945,1
187343,1
37073,0
59657,1
289022,0
223508,0
73571,0
228829,0
145841,1
66395,1
110721,0
216076,0
257966,0
284606,0
58682,0
59465,0
215591,0
272643,1
138017,1
404932,1
65747,0
373826,1
323602,0
348161,1
274528,0
328393,0
350126,0
81147,0
203912,1
33075,0
243973,1
103524,1
120742,1
143205,0
119125,0
252657,0
296037,1
407274,0
334292,1
320029,1
106713,1
318821,1
19075,1
100819,0
351475,0
115148,1
125905,0
158367,1
283746,1
375877,0
391624,1
367863,0
270074,0
287408,1
124432,1
319534,0
201067,0
149414,0
377796,1
365847,1
102596,1
168459,1
327078,1
241658,1
57496,1
395162,1
106044,1
384659,0
105010,0
191039,1
176498,1
394367,1
48731,1
203640,1
289839,0
407140,0
4805,1
207799,1
399326,1
72210,1
54836,1
36606,0
93030,1
298427,1
231588,0
366072,1
307900,1
109077,1
89733,1
307659,1
261166,0
385977,1
137725,0
387785,1
257189,0
329063,1
176841,1
329805,1
292290,1
77936,0
242522,0
62758,0
124861,1
211912,0
36078,0
248548,1
271354,1
283951,0
66260,0
239295,1
107858,0
68617,0
272182,1
72024,0
15501,0
188369,1
159284,0
210586,0
241138,0
188302,1
72769,1
342022,1
319272,0
327416,0
22699,0
281196,0
262079,0
57261,1
386867,1
404397,0
176411,1
100845,1
368173,1
14965,1
70187,0
237319,0
322120,0
45965,1
340006,0
384367,1
264118,1
310980,0
99007,1
216144,1
212556,1
241590,0
326396,1
409993,0
262119,0
67682,1
336520,0
195989,1
74342,1
14168,0
11613,1
313560,0
214661,0
255723,0
14513,0
174038,1
328453,1
384696,1
393975,0
120764,0
14894,0
90605,1
408722,0
171914,0
286463,0
173181,1
364254,0
76425,0
347823,1
230585,1
403423,0
230228,0
46543,1
132649,0
405415,0
209092,1
176965,1
146434,0
74102,0
286275,0
273749,0
125565,0
59193,1
381055,0
207330,1
292551,1
183185,1
326235,1
132909,1
343907,1
85819,1
178231,1
114120,1
13474,0
76743,1
122885,1
223546,0
83556,0
242592,1
364366,1
77898,0
390143,1
121886,1
70128,0
98527,1
102372,1
114083,0
304381,1
114104,0
261542,1
295898,1
407788,0
400948,0
37246,1
367083,1
392877,1
199655,0
215720,0
259369,0
325181,0
409987,1
270714,1
176063,1
348248,1
67106,1
354231,0
109206,1
7122,1
37819,1
46440,1
82665,1
129916,0
348661,0
9081,0
64427,0
375447,1
226845,1
16414,1
161969,1
130943,0
403424,0
34087,1
345909,1
305160,0
390516,0
349282,1
286237,0
14433,0
236112,0
224223,0
5731,1
204101,1
175035,0
129823,0
185643,1
410565,1
290074,0
311344,1
222444,1
156970,1
152050,0
55335,1
174049,1
310515,1
125529,0
8130,0
289947,0
395564,1
140363,1
295777,1
317944,0
34196,0
67814,0
321466,1
202117,0
375573,0
54342,1
32174,0
2098,0
198695,1
408124,1
121464,1
347133,1
170579,0
246746,1
269078,0
78872,0
126243,1
377786,1
384666,1
16934,0
206648,1
215548,0
398792,1
376978,0
121300,1
393801,1
23586,1
324988,0
191497,0
117800,0
178129,1
235892,1
293846,1
10203,0
49361,1
115985,1
265195,1
270762,0
366017,0
264310,1
5696,1
338341,1
229165,0
378355,1
71386,1
222256,1
24017,0
113557,1
329297,1
386005,1
68906,0
363534,1
215491,1
348729,1
361916,1
2788,0
9727,0
180297,1
138500,0
294525,1
408506,1
363877,1
258130,1
234193,1
399217,0
120359,1
385004,1
161048,1
177288,1
55648,1
352168,1
343448,0
170026,0
92089,1
152976,1
338338,1
404001,1
362496,1
63967,1
383295,1
162105,1
106455,0
379181,1
226759,0
78650,1
227033,0
379061,0
12416,0
76756,1
281058,1
379177,0
403416,0
123386,0
15862,0
405970,0
39969,1
278856,0
159086,1
94002,1
135521,0
24759,0
215357,0
114296,0
396104,1
30595,1
289881,0
383542,1
338046,1
276746,0
44733,0
119714,1
158605,1
277813,1
47109,1
189969,1
169053,0
160126,1
101904,0
244248,0
264693,1
172701,1
29342,1
33200,0
39439,1
363782,0
73678,1
304721,0
81448,0
81293,1
3815,0
88244,0
335442,1
107658,1
233013,1
217474,1
65224,0
398763,1
98926,0
284875,0
15616,0
346912,1
143011,1
110579,1
224518,0
290460,0
90630,0
94974,0
178669,0
173019,1
190044,1
129181,0
83723,0
358746,1
214846,1
52810,1
129710,0
48538,1
138535,1
24987,1
207903,1
231962,0
171779,0
267880,0
319105,1
364195,1
52942,0
129489,1
378816,0
46446,1
243498,1
181219,0
161253,0
54739,1
177685,0
138699,1
236559,1
354690,0
346743,1
364452,0
44049,0
303427,0
409678,1
377022,1
182522,0
202490,0
45928,1
1465,0
202948,1
171932,0
345593,0
230133,0
83134,1
13828,1
17618,1
210701,1
117276,0
201850,0
232261,0
24123,0
347663,1
357084,1
73662,1
306605,1
30291,1
79536,0
147740,1
35384,0
368935,0
61643,0
298820,0
173479,1
51746,1
171869,0
368919,1
209462,0
2182,0
279706,0
306890,1
17619,0
372682,1
88317,0
65436,1
202543,0
332830,0
344624,1
304378,0
375382,1
361468,1
408913,1
48049,1
144786,1
310193,1
222072,1
229469,0
196604,0
532,1
167574,0
19365,1
41050,1
215828,0
99599,0
409477,0
285251,1
261170,0
340327,0
68548,1
286335,0
248169,0
268069,0
282057,1
237305,1
107736,0
357105,1
23978,0
333861,1
316619,1
46559,1
393990,1
368407,0
250686,1
151935,0
399056,0
324300,1
217323,1
411058,0
120122,1
219958,0
1319,1
236686,1
271182,1
365390,1
342121,0
169247,1
296271,0
122453,0
36388,0
225217,0
322110,0
301893,1
186907,1
171022,0
7833,0
282958,1
213917,1
117919,1
341324,1
353979,0
203776,1
351695,0
384527,0
179296,1
132177,0
33671,0
410040,1
37099,0
68680,1
369508,1
343256,1
178186,1
295603,0
225484,0
168161,1
195483,1
322411,1
96748,1
220795,0
103856,0
140452,1
318783,0
355652,1
344172,1
222971,0
102809,1
258144,0
141372,0
267552,0
19158,0
83405,0
123848,1
257827,0
21480,0
379372,0
59378,1
212987,0
379907,1
16359,1
366366,0
395893,1
396002,0
317462,1
35855,0
332266,0
197924,1
182524,0
152960,1
94248,0
157892,1
297218,0
1921,0
215467,0
120491,1
12525,0
178560,0
390403,1
345404,0
377884,1
390970,0
236441,0
265909,1
192675,0
326104,0
409615,0
408226,1
30661,1
297222,0
61490,1
78726,1
150341,0
339866,0
76876,1
69907,0
39883,0
100429,1
41964,0
3059,0
122693,0
107993,0
167881,1
52937,1
80687,1
10985,1
375553,0
82570,1
321106,1
240864,0
348000,0
138689,1
170806,1
186162,1
8975,0
144146,1
363816,0
375527,0
291876,1
180258,1
62712,1
162323,1
175048,0
88040,1
41972,1
289653,1
222711,0
12193,1
386877,1
159548,0
399507,0
217472,0
159797,0
235852,1
384478,0
192369,0
204453,0
261197,1
390787,0
385764,1
342617,0
80702,1
288019,1
204694,0
232554,1
242409,0
273240,1
294330,1
145714,1
253349,0
265402,1
236180,1
221077,0
73114,0
405293,0
65142,0
313210,0
394249,1
14035,0
395708,0
357382,0
103097,0
10236,0
270042,0
299708,1
394448,0
299700,1
98844,0
272085,1
405746,1
411997,0
118925,1
261601,0
130840,0
270143,0
130165,1
238732,0
197062,0
173791,1
73569,0
138865,1
225654,1
330246,1
248143,1
291509,1
275634,0
239080,0
124051,1
20212,1
406491,0
410243,0
166963,1
165871,1
402766,0
12702,1
324929,1
61997,0
114222,0
146266,1
14619,0
36110,0
409904,0
401764,1
202410,0
305120,0
394282,1
259603,0
42585,1
165029,0
234448,0
289766,0
228082,0
149381,0
314844,1
154220,0
51194,0
114553,0
311515,0
258076,0
354811,0
128442,1
252462,0
253879,1
146591,1
126530,1
305146,0
65593,0
168800,0
338638,1
163386,0
241496,0
48295,1
73500,0
153749,0
41669,0
55104,1
304794,1
138105,0
108985,1
338178,1
129102,0
225443,0
289744,1
25794,0
23700,0
105012,1
133046,1
190382,1
395768,1
365089,0
331649,0
21404,1
317788,0
60071,0
135751,0
307361,1
199594,1
370684,0
394322,0
154714,1
320787,0
109675,0
270879,0
232491,0
400753,1
408129,1
217903,0
46558,0
354807,1
319729,1
283095,1
94289,1
160165,0
278030,0
287226,1
156650,0
76293,1
358056,0
95134,0
91893,1
214116,0
252568,1
204324,0
2289,1
235384,0
13115,1
306635,0
184755,0
6606,1
235517,0
244149,1
134140,1
107342,0
315236,0
102387,0
356863,0
154164,0
362644,1
384772,1
272898,1
